timestamp,description,id,task_id,name
2016-02-03 17:23:10.748925+00:00,,448,3,save
2016-02-03 17:24:22.205020+00:00,,449,3,log
2016-02-03 17:24:32.412092+00:00,,450,3,log
2016-02-03 17:24:38.090312+00:00,,451,3,log
2016-02-03 17:24:42.970073+00:00,,452,3,log
2016-02-03 17:24:52.821814+00:00,,453,3,log
2016-02-03 17:24:57.022565+00:00,,454,3,save
2016-02-03 17:25:00.430036+00:00,,455,3,save
2016-02-03 17:25:05.763109+00:00,,456,3,save
2016-02-03 17:26:03.703889+00:00,,457,3,submit
2016-02-03 17:26:24.897897+00:00,,458,3,submit
2016-02-03 19:00:10.507166+00:00,,459,4,save
2016-02-03 19:00:44.304329+00:00,,460,4,submit
2016-02-03 19:04:11.098424+00:00,,461,123,log
2016-02-04 18:11:45.929968+00:00,,462,123,submit
2016-02-04 18:11:52.152284+00:00,,463,123,log
2016-02-04 18:12:33.779983+00:00,,464,123,log
2016-02-04 18:19:44.227839+00:00,,465,125,log
2016-02-04 18:20:55.644776+00:00,,466,125,submit
2016-02-04 18:23:35.699124+00:00,,467,124,submit
2016-02-04 18:25:29.993541+00:00,,468,126,submit
2016-02-04 18:27:05.059833+00:00,,469,126,submit
2016-02-04 18:29:09.800033+00:00,,470,127,submit
2016-02-04 18:30:28.083746+00:00,,471,128,log
2016-02-04 18:31:23.156417+00:00,,472,128,submit
2016-02-04 18:33:10.575476+00:00,,473,129,submit
2016-02-04 18:34:17.144578+00:00,,474,130,submit
2016-02-04 18:35:59.700582+00:00,,475,131,log
2016-02-04 18:36:27.409232+00:00,,476,131,save
2016-02-04 18:37:08.010149+00:00,,477,131,log
2016-02-04 18:44:28.067391+00:00,,478,131,submit
2016-02-04 18:44:57.918144+00:00,,479,131,submit
2016-02-04 18:46:52.459553+00:00,,480,132,submit
2016-02-04 18:48:29.721335+00:00,,481,133,submit
2016-02-04 18:54:04.637465+00:00,,482,134,submit
2016-02-04 18:55:10.300306+00:00,,483,135,log
2016-02-04 18:56:17.126633+00:00,,484,135,log
2016-02-04 18:56:21.638864+00:00,,485,135,log
2016-02-04 18:58:30.322204+00:00,,486,135,log
2016-02-04 18:59:24.444612+00:00,,487,135,submit
2016-02-04 19:07:11.208233+00:00,,488,136,log
2016-02-04 19:07:18.760313+00:00,,489,136,log
2016-02-04 19:07:21.259315+00:00,,490,136,log
2016-02-04 19:08:10.882937+00:00,,491,136,log
2016-02-04 19:09:15.424631+00:00,,492,136,submit
2016-02-04 19:11:04.578318+00:00,,493,137,log
2016-02-04 20:12:41.903779+00:00,,494,137,log
2016-02-04 20:13:40.923200+00:00,,495,137,submit
2016-02-04 20:15:22.329475+00:00,,496,138,log
2016-02-04 20:15:24.733729+00:00,,497,138,log
2016-02-04 20:15:27.326713+00:00,,498,138,log
2016-02-04 20:15:28.785612+00:00,,499,138,log
2016-02-04 20:16:05.500415+00:00,,500,138,submit
2016-02-04 20:17:38.733761+00:00,,501,139,submit
2016-02-04 20:21:28.280139+00:00,,502,140,submit
2016-02-04 20:23:07.226873+00:00,,503,141,log
2016-02-04 20:23:09.664941+00:00,,504,141,log
2016-02-04 20:23:46.202767+00:00,,505,141,log
2016-02-04 20:24:48.188399+00:00,,506,141,submit
2016-02-04 20:27:10.445001+00:00,,507,142,submit
2016-02-04 20:29:56.575159+00:00,,508,143,submit
2016-02-04 20:31:24.457176+00:00,,509,144,submit
2016-02-04 20:33:28.548178+00:00,,510,145,submit
2016-02-04 20:35:01.857608+00:00,,511,146,submit
2016-02-04 20:36:59.668124+00:00,,512,147,log
2016-02-04 20:37:05.239482+00:00,,513,147,submit
2016-02-04 20:39:36.926406+00:00,,514,148,submit
2016-02-04 20:40:41.858524+00:00,,515,243,log
2016-02-04 20:45:58.317824+00:00,,516,149,submit
2016-02-04 20:48:20.399146+00:00,,517,150,submit
2016-02-04 20:49:39.316512+00:00,,518,151,submit
2016-02-04 20:50:13.817137+00:00,,519,152,log
2016-02-04 20:51:46.068683+00:00,,520,152,submit
2016-02-04 20:55:23.122549+00:00,,521,153,log
2016-02-04 20:55:26.627204+00:00,,522,153,log
2016-02-04 20:56:30.120691+00:00,,523,153,submit
2016-02-04 20:58:14.670959+00:00,,524,154,log
2016-02-04 20:59:05.398652+00:00,,525,154,submit
2016-02-04 21:03:03.546506+00:00,,526,155,submit
2016-02-04 21:30:50.712867+00:00,,527,156,submit
2016-02-04 21:33:09.663730+00:00,,528,157,submit
2016-02-04 21:34:34.761427+00:00,,529,158,submit
2016-02-04 21:36:42.270944+00:00,,530,159,log
2016-02-04 21:37:18.527580+00:00,,531,159,submit
2016-02-04 21:39:14.706595+00:00,,532,160,log
2016-02-04 21:39:47.164126+00:00,,533,160,submit
2016-02-04 21:41:39.014138+00:00,,534,161,submit
2016-02-04 21:43:28.706581+00:00,,535,162,submit
2016-02-04 21:45:32.332604+00:00,,536,163,submit
2016-02-04 21:46:38.424013+00:00,,537,164,submit
2016-02-04 21:46:47.447063+00:00,,538,164,submit
2016-02-04 21:47:40.022227+00:00,,539,165,log
2016-02-04 21:47:41.717006+00:00,,540,165,log
2016-02-04 21:55:49.237424+00:00,,541,165,log
2016-02-04 21:59:08.987716+00:00,,542,165,log
2016-02-04 21:59:10.421556+00:00,,543,165,log
2016-02-04 21:59:48.809516+00:00,,544,165,log
2016-02-04 22:03:06.339757+00:00,,545,165,submit
2016-02-04 22:04:39.995093+00:00,,546,166,submit
2016-02-04 22:05:47.556931+00:00,,547,167,submit
2016-02-04 22:06:52.992650+00:00,,548,168,submit
2016-02-04 22:08:07.559777+00:00,,549,169,submit
2016-02-04 22:09:57.142357+00:00,,550,170,log
2016-02-04 22:09:57.607698+00:00,,551,170,log
2016-02-04 22:11:58.335948+00:00,,552,170,submit
2016-02-04 22:12:34.283393+00:00,,553,171,log
2016-02-04 22:12:44.725522+00:00,,554,171,log
2016-02-04 22:15:09.534055+00:00,,555,171,log
2016-02-04 22:16:07.065145+00:00,,556,171,submit
2016-02-04 22:18:08.524342+00:00,,557,172,submit
2016-02-04 22:19:50.755759+00:00,,558,173,submit
2016-02-04 22:21:44.728520+00:00,,559,174,submit
2016-02-04 22:23:17.209938+00:00,,560,175,submit
2016-02-04 22:24:23.000986+00:00,,561,177,submit
2016-02-04 22:25:28.733563+00:00,,562,176,submit
2016-02-04 22:26:41.190784+00:00,,563,178,submit
2016-02-04 22:28:16.662976+00:00,,564,179,submit
2016-02-04 22:29:23.121822+00:00,,565,180,submit
2016-02-04 22:30:52.824619+00:00,,566,181,submit
2016-02-04 22:37:16.492963+00:00,,567,182,submit
2016-02-05 18:17:45.949093+00:00,,568,5,log
2016-02-05 18:18:08.569468+00:00,,569,5,log
2016-02-05 18:19:40.257230+00:00,,570,5,save
2016-02-05 19:13:17.019908+00:00,,571,5,save
2016-02-05 19:13:50.972336+00:00,,572,5,log
2016-02-05 19:13:51.633382+00:00,,573,5,log
2016-02-05 19:13:53.057393+00:00,,574,5,log
2016-02-05 19:13:53.087630+00:00,,575,5,log
2016-02-05 19:13:54.651651+00:00,,576,5,log
2016-02-05 19:13:56.124790+00:00,,577,5,log
2016-02-05 19:13:57.021567+00:00,,578,5,log
2016-02-05 19:13:58.494256+00:00,,579,5,log
2016-02-05 19:14:01.538883+00:00,,580,5,log
2016-02-05 19:14:03.703149+00:00,,581,5,log
2016-02-05 19:14:03.981117+00:00,,582,5,log
2016-02-05 19:14:04.537645+00:00,,583,5,log
2016-02-05 19:14:05.808370+00:00,,584,5,log
2016-02-05 19:14:05.853118+00:00,,585,5,log
2016-02-05 19:14:06.132464+00:00,,586,5,log
2016-02-05 19:14:07.606463+00:00,,587,5,log
2016-02-05 19:14:08.860065+00:00,,588,5,log
2016-02-05 19:14:10.287087+00:00,,589,5,log
2016-02-05 19:14:10.579846+00:00,,590,5,log
2016-02-05 19:14:11.662231+00:00,,591,5,log
2016-02-05 19:14:12.112298+00:00,,592,5,log
2016-02-05 19:14:14.038205+00:00,,593,5,log
2016-02-05 19:14:14.057667+00:00,,594,5,log
2016-02-05 19:14:14.702412+00:00,,595,5,log
2016-02-05 19:14:15.943380+00:00,,596,5,log
2016-02-05 19:14:17.511163+00:00,,597,5,log
2016-02-05 19:14:18.181595+00:00,,598,5,log
2016-02-05 19:14:18.259536+00:00,,599,5,log
2016-02-05 19:14:19.573987+00:00,,600,5,log
2016-02-05 19:14:22.620539+00:00,,601,5,log
2016-02-05 19:14:22.658747+00:00,,602,5,log
2016-02-05 19:14:23.588165+00:00,,603,5,log
2016-02-05 19:14:24.793000+00:00,,604,5,log
2016-02-05 19:14:25.083070+00:00,,605,5,log
2016-02-05 19:14:25.174425+00:00,,606,5,log
2016-02-05 19:14:26.276734+00:00,,607,5,log
2016-02-05 19:14:26.318882+00:00,,608,5,log
2016-02-05 19:14:27.444734+00:00,,609,5,log
2016-02-05 19:14:28.152632+00:00,,610,5,log
2016-02-05 19:14:29.494158+00:00,,611,5,log
2016-02-05 19:14:31.511338+00:00,,612,5,log
2016-02-05 19:14:32.327486+00:00,,613,5,log
2016-02-05 19:14:33.533784+00:00,,614,5,log
2016-02-05 19:14:34.400031+00:00,,615,5,log
2016-02-05 19:14:35.607559+00:00,,616,5,log
2016-02-05 19:14:35.651141+00:00,,617,5,log
2016-02-05 19:14:37.890168+00:00,,618,5,log
2016-02-05 19:14:40.950394+00:00,,619,5,log
2016-02-05 19:14:40.989975+00:00,,620,5,log
2016-02-05 19:14:41.460546+00:00,,621,5,log
2016-02-05 19:14:41.948637+00:00,,622,5,log
2016-02-05 19:14:42.114865+00:00,,623,5,log
2016-02-05 19:14:43.908682+00:00,,624,5,log
2016-02-05 19:14:45.188016+00:00,,625,5,log
2016-02-05 19:14:44.041256+00:00,,626,5,log
2016-02-05 19:14:45.347370+00:00,,627,5,log
2016-02-05 19:14:46.888480+00:00,,628,5,log
2016-02-05 19:14:46.965990+00:00,,629,5,log
2016-02-05 19:14:48.790046+00:00,,630,5,log
2016-02-05 19:14:48.950679+00:00,,631,5,log
2016-02-05 19:14:51.225253+00:00,,632,5,log
2016-02-05 19:16:16.915381+00:00,,633,5,log
2016-02-05 19:16:19.771746+00:00,,634,5,log
2016-02-05 19:16:20.143292+00:00,,635,5,log
2016-02-05 19:16:21.480997+00:00,,636,5,log
2016-02-05 19:16:22.401155+00:00,,637,5,log
2016-02-05 19:16:23.210151+00:00,,638,5,log
2016-02-05 19:16:23.213262+00:00,,639,5,log
2016-02-05 19:16:24.988046+00:00,,640,5,log
2016-02-05 19:16:26.491530+00:00,,641,5,log
2016-02-05 19:16:27.982853+00:00,,642,5,log
2016-02-05 19:16:28.955401+00:00,,643,5,log
2016-02-05 19:16:29.250315+00:00,,644,5,log
2016-02-05 19:16:30.927873+00:00,,645,5,log
2016-02-05 19:16:30.923970+00:00,,646,5,log
2016-02-05 19:16:32.442649+00:00,,647,5,log
2016-02-05 19:16:33.514223+00:00,,648,5,log
2016-02-05 19:16:35.240731+00:00,,649,5,log
2016-02-05 19:16:36.657471+00:00,,650,5,log
2016-02-05 19:16:37.971644+00:00,,651,5,log
2016-02-05 19:16:38.066500+00:00,,652,5,log
2016-02-05 19:16:38.179429+00:00,,653,5,log
2016-02-05 19:16:38.808387+00:00,,654,5,log
2016-02-05 19:16:39.904263+00:00,,655,5,log
2016-02-05 19:16:41.340503+00:00,,656,5,log
2016-02-05 19:16:42.194307+00:00,,657,5,log
2016-02-05 19:16:43.161166+00:00,,658,5,log
2016-02-05 19:16:46.311530+00:00,,659,5,log
2016-02-05 19:16:47.513313+00:00,,660,5,log
2016-02-05 19:16:48.025743+00:00,,661,5,log
2016-02-05 19:16:48.464910+00:00,,662,5,log
2016-02-05 19:16:49.982403+00:00,,663,5,log
2016-02-05 19:16:52.768678+00:00,,664,5,log
2016-02-05 19:16:53.152040+00:00,,665,5,log
2016-02-05 19:16:53.258874+00:00,,666,5,log
2016-02-05 19:16:57.409452+00:00,,667,5,log
2016-02-05 19:16:57.517911+00:00,,668,5,log
2016-02-05 19:16:57.822329+00:00,,669,5,log
2016-02-05 19:16:57.872028+00:00,,670,5,log
2016-02-05 19:16:58.063053+00:00,,671,5,log
2016-02-05 19:16:58.720554+00:00,,672,5,log
2016-02-05 19:17:01.816005+00:00,,673,5,log
2016-02-05 19:17:02.033212+00:00,,674,5,log
2016-02-05 19:17:02.461146+00:00,,675,5,log
2016-02-05 19:17:03.730541+00:00,,676,5,log
2016-02-05 19:17:05.318960+00:00,,677,5,log
2016-02-05 19:17:05.361723+00:00,,678,5,log
2016-02-05 19:17:06.188781+00:00,,679,5,log
2016-02-05 19:17:06.198546+00:00,,680,5,log
2016-02-05 19:17:06.735666+00:00,,681,5,log
2016-02-05 19:17:07.386005+00:00,,682,5,log
2016-02-05 19:17:09.047692+00:00,,683,5,log
2016-02-05 19:17:10.127722+00:00,,684,5,log
2016-02-05 19:17:11.065079+00:00,,685,5,log
2016-02-05 19:17:11.094843+00:00,,686,5,log
2016-02-05 19:17:12.563334+00:00,,687,5,log
2016-02-05 19:17:12.605423+00:00,,688,5,log
2016-02-05 19:17:13.593730+00:00,,689,5,log
2016-02-05 19:17:15.031353+00:00,,690,5,log
2016-02-05 19:17:16.782276+00:00,,691,5,log
2016-02-05 19:17:18.785145+00:00,,692,5,log
2016-02-05 19:17:19.016999+00:00,,693,5,log
2016-02-05 19:17:19.049608+00:00,,694,5,log
2016-02-05 19:17:19.059864+00:00,,695,5,log
2016-02-05 19:17:33.262737+00:00,,697,5,log
2016-02-05 19:17:44.513151+00:00,,698,5,save
2016-02-05 19:18:31.285897+00:00,,699,5,save
2016-02-05 19:18:42.333098+00:00,,700,5,save
2016-02-05 19:18:53.403115+00:00,,701,5,save
2016-02-05 19:20:30.376522+00:00,,702,5,log
2016-02-05 19:20:31.763532+00:00,,703,5,log
2016-02-05 19:20:32.770771+00:00,,704,5,log
2016-02-05 19:20:37.887385+00:00,,705,5,log
2016-02-05 19:20:47.616925+00:00,,706,5,save
2016-02-05 19:21:26.596946+00:00,,707,5,save
2016-02-05 19:22:44.549300+00:00,,708,5,save
2016-02-05 20:11:32.214811+00:00,,709,963,log
2016-02-05 20:12:09.423269+00:00,,710,963,save
2016-02-05 20:12:44.655589+00:00,,711,963,log
2016-02-05 20:12:47.053975+00:00,,712,963,log
2016-02-05 20:12:49.420292+00:00,,713,963,log
2016-02-05 20:12:50.138762+00:00,,714,963,log
2016-02-05 20:12:50.945539+00:00,,715,963,log
2016-02-05 20:12:51.473864+00:00,,716,963,log
2016-02-05 20:12:52.806053+00:00,,717,963,log
2016-02-05 20:12:54.636287+00:00,,718,963,log
2016-02-05 20:12:57.182270+00:00,,719,963,log
2016-02-05 20:12:58.259427+00:00,,720,963,log
2016-02-05 20:13:04.232165+00:00,,721,963,log
2016-02-05 20:14:40.093925+00:00,,722,963,log
2016-02-05 20:14:40.737012+00:00,,723,963,log
2016-02-05 20:14:42.466075+00:00,,724,963,log
2016-02-05 20:14:42.742235+00:00,,725,963,log
2016-02-05 20:14:43.895679+00:00,,726,963,log
2016-02-05 20:14:45.230476+00:00,,727,963,log
2016-02-05 20:14:45.880596+00:00,,728,963,log
2016-02-05 20:14:46.712924+00:00,,729,963,log
2016-02-05 20:14:49.470086+00:00,,730,963,log
2016-02-05 20:14:50.202519+00:00,,731,963,log
2016-02-05 20:14:50.329737+00:00,,732,963,log
2016-02-05 20:14:50.703207+00:00,,733,963,log
2016-02-05 20:15:00.380860+00:00,,734,963,log
2016-02-05 20:15:42.535472+00:00,,735,963,log
2016-02-05 20:15:44.561758+00:00,,736,963,log
2016-02-05 20:15:44.582298+00:00,,737,963,log
2016-02-05 20:15:45.849381+00:00,,738,963,log
2016-02-05 20:15:46.554896+00:00,,739,963,log
2016-02-05 20:18:15.487449+00:00,,740,963,log
2016-02-05 20:18:16.454946+00:00,,741,963,log
2016-02-05 20:18:17.310192+00:00,,742,963,log
2016-02-05 20:18:17.953713+00:00,,743,963,log
2016-02-05 20:18:18.979245+00:00,,744,963,log
2016-02-05 20:18:19.009878+00:00,,745,963,log
2016-02-05 20:18:19.469933+00:00,,746,963,log
2016-02-05 20:18:21.247221+00:00,,747,963,log
2016-02-05 20:18:22.910325+00:00,,748,963,log
2016-02-05 20:18:21.964620+00:00,,749,963,log
2016-02-05 20:18:26.059604+00:00,,750,963,log
2016-02-05 20:18:27.864281+00:00,,751,963,log
2016-02-05 20:19:01.336430+00:00,,752,963,log
2016-02-05 20:27:06.592307+00:00,,753,5,save
2016-02-05 20:27:12.010746+00:00,,754,5,save
2016-02-05 20:28:10.104030+00:00,,755,5,log
2016-02-05 20:28:10.214806+00:00,,756,5,log
2016-02-05 20:28:11.864850+00:00,,757,5,log
2016-02-05 20:28:12.225971+00:00,,758,5,log
2016-02-05 20:28:14.440682+00:00,,759,5,log
2016-02-05 20:28:15.602419+00:00,,760,5,log
2016-02-05 20:28:15.744111+00:00,,761,5,log
2016-02-05 20:28:16.869451+00:00,,762,5,log
2016-02-05 20:28:17.316550+00:00,,763,5,log
2016-02-05 20:28:19.679737+00:00,,764,5,log
2016-02-05 20:28:20.650969+00:00,,765,5,log
2016-02-05 20:28:22.330887+00:00,,766,5,log
2016-02-05 20:28:23.108418+00:00,,767,5,log
2016-02-05 20:28:25.217772+00:00,,768,5,log
2016-02-05 20:28:25.384709+00:00,,769,5,log
2016-02-05 20:28:27.763901+00:00,,770,5,log
2016-02-05 20:28:27.803787+00:00,,771,5,log
2016-02-05 20:28:28.047765+00:00,,772,5,log
2016-02-05 20:28:28.108490+00:00,,773,5,log
2016-02-05 20:29:15.289275+00:00,,774,5,save
2016-02-05 20:29:22.167242+00:00,,775,5,save
2016-02-05 20:29:32.790599+00:00,,776,5,save
2016-02-05 20:29:42.456217+00:00,,777,5,submit
2016-02-05 20:30:15.787481+00:00,,778,5,log
2016-02-05 20:30:16.657025+00:00,,779,5,log
2016-02-05 20:30:18.618084+00:00,,780,5,log
2016-02-05 20:30:23.173848+00:00,,781,5,log
2016-02-05 20:30:23.177769+00:00,,782,5,log
2016-02-05 20:30:23.249101+00:00,,783,5,log
2016-02-05 20:30:25.997952+00:00,,784,5,log
2016-02-05 20:30:25.395349+00:00,,785,5,log
2016-02-05 20:30:26.816970+00:00,,786,5,log
2016-02-05 20:30:28.349105+00:00,,787,5,log
2016-02-05 20:30:29.081449+00:00,,788,5,log
2016-02-05 20:30:29.080225+00:00,,789,5,log
2016-02-05 20:30:30.440833+00:00,,790,5,log
2016-02-05 20:30:32.272745+00:00,,791,5,log
2016-02-05 20:30:32.274989+00:00,,792,5,log
2016-02-05 20:30:32.988098+00:00,,793,5,log
2016-02-05 20:30:34.702926+00:00,,794,5,log
2016-02-05 20:30:34.709197+00:00,,795,5,log
2016-02-05 20:30:37.749500+00:00,,796,5,log
2016-02-05 20:30:39.044679+00:00,,797,5,log
2016-02-05 20:31:18.191027+00:00,,798,5,log
2016-02-05 20:31:19.965585+00:00,,799,5,log
2016-02-05 20:31:20.716489+00:00,,800,5,log
2016-02-05 20:31:21.232770+00:00,,801,5,log
2016-02-05 20:31:23.241246+00:00,,802,5,log
2016-02-05 20:31:23.832466+00:00,,803,5,log
2016-02-05 20:31:24.643969+00:00,,804,5,log
2016-02-05 20:31:25.904730+00:00,,805,5,log
2016-02-05 20:31:26.192288+00:00,,806,5,log
2016-02-05 20:31:28.043346+00:00,,807,5,log
2016-02-05 20:31:28.195378+00:00,,808,5,log
2016-02-05 20:31:29.409920+00:00,,809,5,log
2016-02-05 20:31:30.225067+00:00,,810,5,log
2016-02-05 20:36:53.503976+00:00,,811,5,log
2016-02-05 21:12:36.696542+00:00,,812,5,log
2016-02-05 21:12:53.537262+00:00,,813,5,log
2016-02-05 21:13:52.444401+00:00,,814,5,log
2016-02-05 21:15:00.133105+00:00,,815,5,log
2016-02-05 21:15:00.435212+00:00,,816,5,log
2016-02-05 21:15:00.726713+00:00,,817,5,log
2016-02-05 21:15:02.280017+00:00,,818,5,log
2016-02-05 21:15:04.347139+00:00,,819,5,log
2016-02-05 21:15:04.957142+00:00,,820,5,log
2016-02-05 21:15:05.593160+00:00,,821,5,log
2016-02-05 21:15:06.537629+00:00,,822,5,log
2016-02-05 21:15:06.578826+00:00,,823,5,log
2016-02-05 21:15:07.831151+00:00,,824,5,log
2016-02-05 21:15:08.912585+00:00,,825,5,log
2016-02-05 21:15:09.586118+00:00,,826,5,log
2016-02-05 21:15:10.706559+00:00,,827,5,log
2016-02-05 21:15:13.121191+00:00,,828,5,log
2016-02-05 21:15:13.404207+00:00,,829,5,log
2016-02-05 21:15:13.827342+00:00,,830,5,log
2016-02-05 21:15:15.812665+00:00,,831,5,log
2016-02-05 21:15:16.196073+00:00,,832,5,log
2016-02-05 21:15:16.865950+00:00,,833,5,log
2016-02-05 21:15:17.280247+00:00,,834,5,log
2016-02-05 21:15:18.690310+00:00,,835,5,log
2016-02-05 21:15:20.032594+00:00,,836,5,log
2016-02-05 21:15:20.568583+00:00,,837,5,log
2016-02-05 21:15:21.832922+00:00,,838,5,log
2016-02-05 21:15:23.315208+00:00,,839,5,log
2016-02-05 21:15:23.943783+00:00,,840,5,log
2016-02-05 21:15:24.976405+00:00,,841,5,log
2016-02-05 21:15:25.910194+00:00,,842,5,log
2016-02-05 21:15:27.280819+00:00,,843,5,log
2016-02-05 21:15:28.457778+00:00,,844,5,log
2016-02-05 21:15:29.016206+00:00,,845,5,log
2016-02-05 21:15:29.314409+00:00,,846,5,log
2016-02-05 21:15:30.306337+00:00,,847,5,log
2016-02-05 21:41:55.976946+00:00,,848,5,submit
2016-02-05 21:42:52.325479+00:00,,849,4,save
2016-02-05 21:43:26.589486+00:00,,850,4,submit
2016-02-05 21:43:58.535781+00:00,,851,6,submit
2016-02-05 21:48:18.274457+00:00,,852,4,log
2016-02-05 21:48:21.874239+00:00,,853,4,log
2016-02-05 21:48:22.369961+00:00,,854,4,log
2016-02-05 21:48:23.127723+00:00,,855,4,log
2016-02-05 21:48:23.632974+00:00,,856,4,log
2016-02-05 21:48:24.352078+00:00,,857,4,log
2016-02-05 21:48:26.162959+00:00,,858,4,log
2016-02-05 21:48:26.117154+00:00,,859,4,log
2016-02-05 21:48:28.081428+00:00,,860,4,log
2016-02-05 21:48:28.387998+00:00,,861,4,log
2016-02-05 21:48:30.689302+00:00,,862,4,log
2016-02-05 21:48:31.902628+00:00,,863,4,log
2016-02-05 21:48:34.167354+00:00,,864,4,log
2016-02-05 21:48:33.930208+00:00,,865,4,log
2016-02-05 21:48:34.251393+00:00,,866,4,log
2016-02-05 21:48:34.843721+00:00,,867,4,log
2016-02-05 21:48:34.896141+00:00,,868,4,log
2016-02-05 21:48:35.795265+00:00,,869,4,log
2016-02-05 21:48:36.413174+00:00,,870,4,log
2016-02-05 21:48:37.246839+00:00,,871,4,log
2016-02-05 21:48:38.187596+00:00,,872,4,log
2016-02-05 21:48:39.189719+00:00,,873,4,log
2016-02-05 21:48:41.490019+00:00,,874,4,log
2016-02-05 21:48:42.180681+00:00,,875,4,log
2016-02-05 21:49:51.855049+00:00,,876,963,submit
2016-02-05 21:50:02.823944+00:00,,877,963,submit
2016-02-05 21:50:29.270953+00:00,,878,963,submit
2016-02-05 21:50:38.880542+00:00,,879,963,submit
2016-02-05 21:50:56.393201+00:00,,880,963,submit
2016-02-05 21:51:17.620623+00:00,,881,963,save
2016-02-05 21:51:21.432293+00:00,,882,963,save
2016-02-05 21:51:34.160331+00:00,,883,963,submit
