bui_quality,shoes,people,month,litter,road_work,year,id,user_id,timestarted,pic_quality,car_quality,citystate,trees,str_quality,image_id,finished,timefinished,pot_holes,for_sale,street,broken_signs
,,,,,,,6,1,2016-02-02 20:34:34.535034+00:00,,,,,,4,0,,,,,
,,,,,,,7,1,2016-02-02 20:34:34.700685+00:00,,,,,,5,0,,,,,
,,,,,,,8,1,2016-02-02 20:34:35.827705+00:00,,,,,,6,0,,,,,
,,,,,,,9,1,2016-02-02 20:34:36.069754+00:00,,,,,,7,0,,,,,
,,,,,,,10,1,2016-02-02 20:34:36.215896+00:00,,,,,,8,0,,,,,
,,,,,,,11,1,2016-02-02 20:34:36.374897+00:00,,,,,,9,0,,,,,
,,,,,,,12,1,2016-02-02 20:34:36.521745+00:00,,,,,,10,0,,,,,
,,,,,,,13,1,2016-02-02 20:34:37.229942+00:00,,,,,,11,0,,,,,
,,,,,,,14,1,2016-02-02 20:34:37.393595+00:00,,,,,,12,0,,,,,
,,,,,,,15,1,2016-02-02 20:34:37.552234+00:00,,,,,,13,0,,,,,
,,,,,,,16,1,2016-02-02 20:34:39.308519+00:00,,,,,,14,0,,,,,
,,,,,,,17,1,2016-02-02 20:34:39.575542+00:00,,,,,,15,0,,,,,
,,,,,,,18,1,2016-02-02 20:34:39.723682+00:00,,,,,,16,0,,,,,
,,,,,,,19,1,2016-02-02 20:34:39.885370+00:00,,,,,,17,0,,,,,
,,,,,,,20,1,2016-02-02 20:34:40.033711+00:00,,,,,,18,0,,,,,
,,,,,,,21,1,2016-02-02 20:34:41.159878+00:00,,,,,,19,0,,,,,
,,,,,,,22,1,2016-02-02 20:34:43.542306+00:00,,,,,,20,0,,,,,
,,,,,,,23,1,2016-02-02 20:34:44.010910+00:00,,,,,,21,0,,,,,
,,,,,,,24,1,2016-02-02 20:34:44.406556+00:00,,,,,,22,0,,,,,
,,,,,,,25,1,2016-02-02 20:34:45.100497+00:00,,,,,,23,0,,,,,
,,,,,,,26,1,2016-02-02 20:34:45.250974+00:00,,,,,,24,0,,,,,
,,,,,,,27,1,2016-02-02 20:34:45.478587+00:00,,,,,,25,0,,,,,
,,,,,,,28,1,2016-02-02 20:34:45.625862+00:00,,,,,,26,0,,,,,
,,,,,,,29,1,2016-02-02 20:34:45.775856+00:00,,,,,,27,0,,,,,
,,,,,,,30,1,2016-02-02 20:34:45.935355+00:00,,,,,,28,0,,,,,
,,,,,,,31,1,2016-02-02 20:34:46.098280+00:00,,,,,,29,0,,,,,
,,,,,,,32,1,2016-02-02 20:34:46.244816+00:00,,,,,,30,0,,,,,
,,,,,,,33,1,2016-02-02 20:34:46.415282+00:00,,,,,,31,0,,,,,
,,,,,,,34,1,2016-02-02 20:34:46.575519+00:00,,,,,,32,0,,,,,
,,,,,,,35,1,2016-02-02 20:34:46.726704+00:00,,,,,,33,0,,,,,
,,,,,,,36,1,2016-02-02 20:34:47.422946+00:00,,,,,,34,0,,,,,
,,,,,,,37,1,2016-02-02 20:34:47.639914+00:00,,,,,,35,0,,,,,
,,,,,,,38,1,2016-02-02 20:34:47.812438+00:00,,,,,,36,0,,,,,
,,,,,,,39,1,2016-02-02 20:34:47.973891+00:00,,,,,,37,0,,,,,
,,,,,,,40,1,2016-02-02 20:34:48.122680+00:00,,,,,,38,0,,,,,
,,,,,,,41,1,2016-02-02 20:34:48.809759+00:00,,,,,,39,0,,,,,
,,,,,,,42,1,2016-02-02 20:34:48.971737+00:00,,,,,,40,0,,,,,
,,,,,,,43,1,2016-02-02 20:34:49.123270+00:00,,,,,,41,0,,,,,
,,,,,,,44,1,2016-02-02 20:34:49.280785+00:00,,,,,,42,0,,,,,
,,,,,,,45,1,2016-02-02 20:34:51.129737+00:00,,,,,,43,0,,,,,
,,,,,,,46,1,2016-02-02 20:34:51.289970+00:00,,,,,,44,0,,,,,
,,,,,,,47,1,2016-02-02 20:34:51.518922+00:00,,,,,,45,0,,,,,
,,,,,,,48,1,2016-02-02 20:34:51.672273+00:00,,,,,,46,0,,,,,
,,,,,,,49,1,2016-02-02 20:34:52.338044+00:00,,,,,,47,0,,,,,
,,,,,,,50,1,2016-02-02 20:34:52.763081+00:00,,,,,,48,0,,,,,
,,,,,,,51,1,2016-02-02 20:34:53.522040+00:00,,,,,,49,0,,,,,
,,,,,,,52,1,2016-02-02 20:34:53.682506+00:00,,,,,,50,0,,,,,
,,,,,,,53,1,2016-02-02 20:34:53.832992+00:00,,,,,,51,0,,,,,
,,,,,,,54,1,2016-02-02 20:34:56.066573+00:00,,,,,,52,0,,,,,
,,,,,,,55,1,2016-02-02 20:34:56.243623+00:00,,,,,,53,0,,,,,
,,,,,,,56,1,2016-02-02 20:34:56.404431+00:00,,,,,,54,0,,,,,
,,,,,,,57,1,2016-02-02 20:34:58.142548+00:00,,,,,,55,0,,,,,
,,,,,,,58,1,2016-02-02 20:34:58.561402+00:00,,,,,,56,0,,,,,
,,,,,,,59,1,2016-02-02 20:34:58.721894+00:00,,,,,,57,0,,,,,
,,,,,,,60,1,2016-02-02 20:34:58.873629+00:00,,,,,,58,0,,,,,
,,,,,,,61,1,2016-02-02 20:35:00.382923+00:00,,,,,,59,0,,,,,
,,,,,,,62,1,2016-02-02 20:35:02.104790+00:00,,,,,,60,0,,,,,
,,,,,,,63,1,2016-02-02 20:35:02.256230+00:00,,,,,,61,0,,,,,
,,,,,,,64,1,2016-02-02 20:35:04.525808+00:00,,,,,,62,0,,,,,
,,,,,,,65,1,2016-02-02 20:35:04.696291+00:00,,,,,,63,0,,,,,
,,,,,,,66,1,2016-02-02 20:35:05.691575+00:00,,,,,,64,0,,,,,
,,,,,,,67,1,2016-02-02 20:35:05.846044+00:00,,,,,,65,0,,,,,
,,,,,,,68,1,2016-02-02 20:35:06.450965+00:00,,,,,,66,0,,,,,
,,,,,,,69,1,2016-02-02 20:35:06.609302+00:00,,,,,,67,0,,,,,
,,,,,,,70,1,2016-02-02 20:35:06.759781+00:00,,,,,,68,0,,,,,
,,,,,,,71,1,2016-02-02 20:35:06.919432+00:00,,,,,,69,0,,,,,
,,,,,,,72,1,2016-02-02 20:35:07.074884+00:00,,,,,,70,0,,,,,
,,,,,,,73,1,2016-02-02 20:35:07.235765+00:00,,,,,,71,0,,,,,
,,,,,,,74,1,2016-02-02 20:35:07.513661+00:00,,,,,,72,0,,,,,
,,,,,,,75,1,2016-02-02 20:35:07.737485+00:00,,,,,,73,0,,,,,
,,,,,,,76,1,2016-02-02 20:35:07.885267+00:00,,,,,,74,0,,,,,
,,,,,,,77,1,2016-02-02 20:35:08.041578+00:00,,,,,,75,0,,,,,
,,,,,,,78,1,2016-02-02 20:35:08.191113+00:00,,,,,,76,0,,,,,
,,,,,,,79,1,2016-02-02 20:35:08.353001+00:00,,,,,,77,0,,,,,
,,,,,,,80,1,2016-02-02 20:35:08.500253+00:00,,,,,,78,0,,,,,
,,,,,,,81,1,2016-02-02 20:35:08.929846+00:00,,,,,,79,0,,,,,
,,,,,,,82,1,2016-02-02 20:35:09.080651+00:00,,,,,,80,0,,,,,
,,,,,,,83,1,2016-02-02 20:35:09.249157+00:00,,,,,,81,0,,,,,
,,,,,,,84,1,2016-02-02 20:35:09.406889+00:00,,,,,,82,0,,,,,
,,,,,,,85,1,2016-02-02 20:35:10.094508+00:00,,,,,,83,0,,,,,
,,,,,,,86,1,2016-02-02 20:35:10.261391+00:00,,,,,,84,0,,,,,
,,,,,,,87,1,2016-02-02 20:35:10.417985+00:00,,,,,,85,0,,,,,
,,,,,,,88,1,2016-02-02 20:35:11.375822+00:00,,,,,,86,0,,,,,
,,,,,,,89,1,2016-02-02 20:35:13.376497+00:00,,,,,,87,0,,,,,
,,,,,,,90,1,2016-02-02 20:35:13.678653+00:00,,,,,,88,0,,,,,
,,,,,,,91,1,2016-02-02 20:35:13.845203+00:00,,,,,,89,0,,,,,
,,,,,,,92,1,2016-02-02 20:35:14.000182+00:00,,,,,,90,0,,,,,
,,,,,,,93,1,2016-02-02 20:35:14.162479+00:00,,,,,,91,0,,,,,
,,,,,,,94,1,2016-02-02 20:35:14.336900+00:00,,,,,,92,0,,,,,
,,,,,,,95,1,2016-02-02 20:35:15.705544+00:00,,,,,,93,0,,,,,
,,,,,,,96,1,2016-02-02 20:35:15.866225+00:00,,,,,,94,0,,,,,
,,,,,,,97,1,2016-02-02 20:35:16.581033+00:00,,,,,,95,0,,,,,
,,,,,,,98,1,2016-02-02 20:35:16.731261+00:00,,,,,,96,0,,,,,
,,,,,,,99,1,2016-02-02 20:35:16.888924+00:00,,,,,,97,0,,,,,
,,,,,,,100,1,2016-02-02 20:35:17.055758+00:00,,,,,,98,0,,,,,
,,,,,,,101,1,2016-02-02 20:35:17.223582+00:00,,,,,,99,0,,,,,
,,,,,,,102,1,2016-02-02 20:35:18.666929+00:00,,,,,,100,0,,,,,
,,,,,,,103,1,2016-02-02 20:35:19.399115+00:00,,,,,,101,0,,,,,
,,,,,,,104,1,2016-02-02 20:35:19.603948+00:00,,,,,,102,0,,,,,
,,,,,,,105,1,2016-02-02 20:35:19.765758+00:00,,,,,,103,0,,,,,
,,,,,,,106,1,2016-02-02 20:35:19.930657+00:00,,,,,,104,0,,,,,
,,,,,,,107,1,2016-02-02 20:35:20.079475+00:00,,,,,,105,0,,,,,
,,,,,,,108,1,2016-02-02 20:35:20.783110+00:00,,,,,,106,0,,,,,
,,,,,,,109,1,2016-02-02 20:35:20.948376+00:00,,,,,,107,0,,,,,
,,,,,,,110,1,2016-02-02 20:35:21.095234+00:00,,,,,,108,0,,,,,
,,,,,,,111,1,2016-02-02 20:35:21.294302+00:00,,,,,,109,0,,,,,
,,,,,,,112,1,2016-02-02 20:35:21.969844+00:00,,,,,,110,0,,,,,
,,,,,,,113,1,2016-02-02 20:35:22.119578+00:00,,,,,,111,0,,,,,
,,,,,,,114,1,2016-02-02 20:35:23.676531+00:00,,,,,,112,0,,,,,
,,,,,,,115,1,2016-02-02 20:35:23.893405+00:00,,,,,,113,0,,,,,
,,,,,,,116,1,2016-02-02 20:35:24.061210+00:00,,,,,,114,0,,,,,
,,,,,,,117,1,2016-02-02 20:35:24.225381+00:00,,,,,,115,0,,,,,
,,,,,,,118,1,2016-02-02 20:35:24.380730+00:00,,,,,,116,0,,,,,
,,,,,,,119,1,2016-02-02 20:35:24.532715+00:00,,,,,,117,0,,,,,
,,,,,,,120,1,2016-02-02 20:35:24.680985+00:00,,,,,,118,0,,,,,
,,,,,,,121,1,2016-02-02 20:35:25.366434+00:00,,,,,,119,0,,,,,
,,,,,,,122,1,2016-02-02 20:35:25.777969+00:00,,,,,,120,0,,,,,
6,0,0,7,5,1,2015,3,1,2016-02-02 20:34:31.116492+00:00,4,2,"Chicago, IL",1,3,1,1,2016-02-03 17:26:24.910018+00:00,0,2,3198 W Warren Blvd,0
1,0,1,5,2,1,2011,5,1,2016-02-02 20:34:34.316598+00:00,4,3,"Chicago, IL",1,3,3,1,2016-02-05 21:41:56.465367+00:00,1,0,3198 W Warren Blvd,0
3,0,0,4,4,0,2008,126,4,2016-02-03 18:00:05.333142+00:00,1,4,Chicago,0,4,4,1,2016-02-04 18:27:05.072845+00:00,0,0,3198 W Warren Blvd,0
4,0,0,5,2,0,2011,129,4,2016-02-03 18:00:05.570919+00:00,5,3,Chicago,1,4,7,1,2016-02-04 18:33:10.588513+00:00,0,0,3203 W Madison St,0
4,0,0,9,1,0,2007,132,4,2016-02-03 18:00:05.805565+00:00,2,4,Chicago,1,4,10,1,2016-02-04 18:46:52.488759+00:00,0,0,3201 W Madison St,0
2,0,0,7,1,0,2014,134,4,2016-02-03 18:00:05.963983+00:00,5,4,Chicago,1,2,12,1,2016-02-04 18:54:04.650366+00:00,0,0,201 S Kedzie Ave,0
,,,,,,,183,4,2016-02-03 18:00:09.789024+00:00,,,,,,61,0,,,,,
,,,,,,,184,4,2016-02-03 18:00:09.866945+00:00,,,,,,62,0,,,,,
,,,,,,,185,4,2016-02-03 18:00:09.944799+00:00,,,,,,63,0,,,,,
,,,,,,,186,4,2016-02-03 18:00:10.023164+00:00,,,,,,64,0,,,,,
,,,,,,,187,4,2016-02-03 18:00:10.100649+00:00,,,,,,65,0,,,,,
,,,,,,,188,4,2016-02-03 18:00:10.178596+00:00,,,,,,66,0,,,,,
,,,,,,,189,4,2016-02-03 18:00:10.256153+00:00,,,,,,67,0,,,,,
,,,,,,,190,4,2016-02-03 18:00:10.333814+00:00,,,,,,68,0,,,,,
,,,,,,,191,4,2016-02-03 18:00:10.413527+00:00,,,,,,69,0,,,,,
,,,,,,,192,4,2016-02-03 18:00:10.491775+00:00,,,,,,70,0,,,,,
,,,,,,,193,4,2016-02-03 18:00:10.569517+00:00,,,,,,71,0,,,,,
,,,,,,,194,4,2016-02-03 18:00:10.646941+00:00,,,,,,72,0,,,,,
,,,,,,,195,4,2016-02-03 18:00:10.725215+00:00,,,,,,73,0,,,,,
,,,,,,,196,4,2016-02-03 18:00:10.803681+00:00,,,,,,74,0,,,,,
,,,,,,,197,4,2016-02-03 18:00:10.881736+00:00,,,,,,75,0,,,,,
,,,,,,,198,4,2016-02-03 18:00:10.959507+00:00,,,,,,76,0,,,,,
,,,,,,,199,4,2016-02-03 18:00:11.037889+00:00,,,,,,77,0,,,,,
,,,,,,,200,4,2016-02-03 18:00:11.116513+00:00,,,,,,78,0,,,,,
,,,,,,,201,4,2016-02-03 18:00:11.194933+00:00,,,,,,79,0,,,,,
,,,,,,,202,4,2016-02-03 18:00:11.273084+00:00,,,,,,80,0,,,,,
,,,,,,,203,4,2016-02-03 18:00:11.351190+00:00,,,,,,81,0,,,,,
,,,,,,,204,4,2016-02-03 18:00:11.431581+00:00,,,,,,82,0,,,,,
,,,,,,,205,4,2016-02-03 18:00:11.508945+00:00,,,,,,83,0,,,,,
,,,,,,,206,4,2016-02-03 18:00:11.587058+00:00,,,,,,84,0,,,,,
,,,,,,,207,4,2016-02-03 18:00:11.664541+00:00,,,,,,85,0,,,,,
,,,,,,,208,4,2016-02-03 18:00:11.742768+00:00,,,,,,86,0,,,,,
,,,,,,,209,4,2016-02-03 18:00:11.821052+00:00,,,,,,87,0,,,,,
,,,,,,,210,4,2016-02-03 18:00:11.899385+00:00,,,,,,88,0,,,,,
,,,,,,,211,4,2016-02-03 18:00:11.976755+00:00,,,,,,89,0,,,,,
,,,,,,,212,4,2016-02-03 18:00:12.054709+00:00,,,,,,90,0,,,,,
,,,,,,,213,4,2016-02-03 18:00:12.132835+00:00,,,,,,91,0,,,,,
,,,,,,,214,4,2016-02-03 18:00:12.210498+00:00,,,,,,92,0,,,,,
,,,,,,,215,4,2016-02-03 18:00:12.288576+00:00,,,,,,93,0,,,,,
,,,,,,,216,4,2016-02-03 18:00:12.366724+00:00,,,,,,94,0,,,,,
,,,,,,,217,4,2016-02-03 18:00:12.445730+00:00,,,,,,95,0,,,,,
,,,,,,,218,4,2016-02-03 18:00:12.524118+00:00,,,,,,96,0,,,,,
,,,,,,,219,4,2016-02-03 18:00:12.601579+00:00,,,,,,97,0,,,,,
,,,,,,,220,4,2016-02-03 18:00:12.679056+00:00,,,,,,98,0,,,,,
,,,,,,,221,4,2016-02-03 18:00:12.757028+00:00,,,,,,99,0,,,,,
,,,,,,,222,4,2016-02-03 18:00:12.835380+00:00,,,,,,100,0,,,,,
,,,,,,,223,4,2016-02-03 18:00:12.913500+00:00,,,,,,101,0,,,,,
,,,,,,,224,4,2016-02-03 18:00:12.992611+00:00,,,,,,102,0,,,,,
,,,,,,,225,4,2016-02-03 18:00:13.070789+00:00,,,,,,103,0,,,,,
,,,,,,,226,4,2016-02-03 18:00:13.148725+00:00,,,,,,104,0,,,,,
,,,,,,,227,4,2016-02-03 18:00:13.227126+00:00,,,,,,105,0,,,,,
,,,,,,,228,4,2016-02-03 18:00:13.305815+00:00,,,,,,106,0,,,,,
,,,,,,,229,4,2016-02-03 18:00:13.383203+00:00,,,,,,107,0,,,,,
,,,,,,,230,4,2016-02-03 18:00:13.461201+00:00,,,,,,108,0,,,,,
,,,,,,,231,4,2016-02-03 18:00:13.538837+00:00,,,,,,109,0,,,,,
,,,,,,,232,4,2016-02-03 18:00:13.616923+00:00,,,,,,110,0,,,,,
,,,,,,,233,4,2016-02-03 18:00:13.694479+00:00,,,,,,111,0,,,,,
,,,,,,,234,4,2016-02-03 18:00:13.772913+00:00,,,,,,112,0,,,,,
,,,,,,,235,4,2016-02-03 18:00:13.851190+00:00,,,,,,113,0,,,,,
,,,,,,,236,4,2016-02-03 18:00:13.929330+00:00,,,,,,114,0,,,,,
,,,,,,,237,4,2016-02-03 18:00:14.010596+00:00,,,,,,115,0,,,,,
,,,,,,,238,4,2016-02-03 18:00:14.089324+00:00,,,,,,116,0,,,,,
,,,,,,,239,4,2016-02-03 18:00:14.167535+00:00,,,,,,117,0,,,,,
,,,,,,,240,4,2016-02-03 18:00:14.247890+00:00,,,,,,118,0,,,,,
,,,,,,,241,4,2016-02-03 18:00:14.326864+00:00,,,,,,119,0,,,,,
,,,,,,,242,4,2016-02-03 18:00:14.405355+00:00,,,,,,120,0,,,,,
,,,,,,,243,3,2016-02-03 18:00:14.503937+00:00,,,,,,1,0,,,,,
,,,,,,,244,3,2016-02-03 18:00:14.581679+00:00,,,,,,2,0,,,,,
,,,,,,,245,3,2016-02-03 18:00:14.659437+00:00,,,,,,3,0,,,,,
,,,,,,,246,3,2016-02-03 18:00:14.737005+00:00,,,,,,4,0,,,,,
,,,,,,,247,3,2016-02-03 18:00:14.816083+00:00,,,,,,5,0,,,,,
,,,,,,,248,3,2016-02-03 18:00:14.895238+00:00,,,,,,6,0,,,,,
,,,,,,,249,3,2016-02-03 18:00:14.974954+00:00,,,,,,7,0,,,,,
,,,,,,,250,3,2016-02-03 18:00:15.052775+00:00,,,,,,8,0,,,,,
,,,,,,,251,3,2016-02-03 18:00:15.130597+00:00,,,,,,9,0,,,,,
,,,,,,,252,3,2016-02-03 18:00:15.209411+00:00,,,,,,10,0,,,,,
,,,,,,,253,3,2016-02-03 18:00:15.288107+00:00,,,,,,11,0,,,,,
,,,,,,,254,3,2016-02-03 18:00:15.367048+00:00,,,,,,12,0,,,,,
,,,,,,,255,3,2016-02-03 18:00:15.445832+00:00,,,,,,13,0,,,,,
,,,,,,,256,3,2016-02-03 18:00:15.523837+00:00,,,,,,14,0,,,,,
,,,,,,,257,3,2016-02-03 18:00:15.601804+00:00,,,,,,15,0,,,,,
,,,,,,,258,3,2016-02-03 18:00:15.679834+00:00,,,,,,16,0,,,,,
,,,,,,,259,3,2016-02-03 18:00:15.757698+00:00,,,,,,17,0,,,,,
,,,,,,,260,3,2016-02-03 18:00:15.834974+00:00,,,,,,18,0,,,,,
,,,,,,,261,3,2016-02-03 18:00:15.913843+00:00,,,,,,19,0,,,,,
,,,,,,,262,3,2016-02-03 18:00:15.992690+00:00,,,,,,20,0,,,,,
,,,,,,,263,3,2016-02-03 18:00:16.073527+00:00,,,,,,21,0,,,,,
,,,,,,,264,3,2016-02-03 18:00:16.152158+00:00,,,,,,22,0,,,,,
,,,,,,,265,3,2016-02-03 18:00:16.230063+00:00,,,,,,23,0,,,,,
,,,,,,,266,3,2016-02-03 18:00:16.307643+00:00,,,,,,24,0,,,,,
,,,,,,,267,3,2016-02-03 18:00:16.385781+00:00,,,,,,25,0,,,,,
,,,,,,,268,3,2016-02-03 18:00:16.463710+00:00,,,,,,26,0,,,,,
,,,,,,,269,3,2016-02-03 18:00:16.542291+00:00,,,,,,27,0,,,,,
,,,,,,,270,3,2016-02-03 18:00:16.620322+00:00,,,,,,28,0,,,,,
,,,,,,,271,3,2016-02-03 18:00:16.698262+00:00,,,,,,29,0,,,,,
,,,,,,,272,3,2016-02-03 18:00:16.776830+00:00,,,,,,30,0,,,,,
3,0,0,7,2,0,2014,142,4,2016-02-03 18:00:06.587213+00:00,5,4,Chicago,1,4,20,1,2016-02-04 20:27:10.459693+00:00,0,0,301 S Kedzie Ave,0
3,0,0,5,1,0,2011,144,4,2016-02-03 18:00:06.742610+00:00,5,3,Chicago,1,4,22,1,2016-02-04 20:31:24.471610+00:00,0,0,301 S Kedzie Ave,0
3,0,0,5,2,0,2008,147,4,2016-02-03 18:00:06.975880+00:00,2,6,Chicago,1,4,25,1,2016-02-04 20:37:05.254590+00:00,0,0,301 S Kedzie Ave,0
3,0,0,7,2,0,2014,151,4,2016-02-03 18:00:07.286535+00:00,5,3,Chicago,1,4,29,1,2016-02-04 20:49:39.331550+00:00,0,0,400 S Kedzie Ave,0
3,0,0,10,3,0,2011,152,4,2016-02-03 18:00:07.364323+00:00,5,6,Chicago,1,3,30,1,2016-02-04 20:51:46.085213+00:00,0,0,400 S Kedzie Ave,0
3,0,0,8,2,0,2007,155,4,2016-02-03 18:00:07.597673+00:00,2,3,Chicago,1,4,33,1,2016-02-04 21:03:03.577169+00:00,0,0,400 S Kedzie Ave,0
1,0,0,9,2,0,2014,157,4,2016-02-03 18:00:07.753680+00:00,5,6,Chicago,1,3,35,1,2016-02-04 21:33:09.684203+00:00,0,0,3196 W Flournoy St,0
3,0,0,9,2,0,2014,160,4,2016-02-03 18:00:07.991580+00:00,5,6,Chicago,1,3,38,1,2016-02-04 21:39:47.178130+00:00,0,0,801 S Kedzie Ave,0
4,0,0,4,2,0,2009,164,4,2016-02-03 18:00:08.309161+00:00,5,4,Chicago,1,3,42,1,2016-02-04 21:46:47.462048+00:00,0,1,801 S Kedzie Ave,0
4,0,0,3,2,0,2009,165,4,2016-02-03 18:00:08.388074+00:00,5,3,Chicago,1,3,43,1,2016-02-04 22:03:06.354149+00:00,0,1,801 S Kedzie Ave,0
4,0,0,7,1,0,2014,168,4,2016-02-03 18:00:08.622924+00:00,5,3,Chicago,1,3,46,1,2016-02-04 22:06:53.010258+00:00,0,0,901 S Kedzie Ave,0
4,0,0,4,2,0,2009,171,4,2016-02-03 18:00:08.856025+00:00,5,3,Chicago,1,3,49,1,2016-02-04 22:16:07.079233+00:00,0,0,901 S Kedzie Ave,0
3,0,0,7,2,0,2007,173,4,2016-02-03 18:00:09.010858+00:00,2,6,Chicago,1,4,51,1,2016-02-04 22:19:50.769774+00:00,0,0,901 S Kedzie Ave,0
3,0,0,6,1,0,2011,177,4,2016-02-03 18:00:09.322207+00:00,5,3,Chicago,1,4,55,1,2016-02-04 22:24:23.020806+00:00,0,0,1190 S Kedzie Ave,0
3,0,0,3,1,0,2009,179,4,2016-02-03 18:00:09.478155+00:00,5,3,Chicago,1,2,57,1,2016-02-04 22:28:16.678865+00:00,1,0,1190 S Kedzie Ave,0
2,0,0,7,1,0,2014,182,4,2016-02-03 18:00:09.711261+00:00,5,3,Chicago,1,2,60,1,2016-02-04 22:37:16.514976+00:00,0,0,1283 S Kedzie Ave,0
,,,,,,,273,3,2016-02-03 18:00:16.854922+00:00,,,,,,31,0,,,,,
,,,,,,,274,3,2016-02-03 18:00:16.933110+00:00,,,,,,32,0,,,,,
,,,,,,,275,3,2016-02-03 18:00:17.011174+00:00,,,,,,33,0,,,,,
,,,,,,,276,3,2016-02-03 18:00:17.088882+00:00,,,,,,34,0,,,,,
,,,,,,,277,3,2016-02-03 18:00:17.166260+00:00,,,,,,35,0,,,,,
,,,,,,,278,3,2016-02-03 18:00:17.244132+00:00,,,,,,36,0,,,,,
,,,,,,,279,3,2016-02-03 18:00:17.321396+00:00,,,,,,37,0,,,,,
,,,,,,,280,3,2016-02-03 18:00:17.398745+00:00,,,,,,38,0,,,,,
,,,,,,,281,3,2016-02-03 18:00:17.476202+00:00,,,,,,39,0,,,,,
,,,,,,,282,3,2016-02-03 18:00:17.553903+00:00,,,,,,40,0,,,,,
,,,,,,,283,3,2016-02-03 18:00:17.631519+00:00,,,,,,41,0,,,,,
,,,,,,,284,3,2016-02-03 18:00:17.709472+00:00,,,,,,42,0,,,,,
,,,,,,,285,3,2016-02-03 18:00:17.787756+00:00,,,,,,43,0,,,,,
,,,,,,,286,3,2016-02-03 18:00:17.866587+00:00,,,,,,44,0,,,,,
,,,,,,,287,3,2016-02-03 18:00:17.945837+00:00,,,,,,45,0,,,,,
,,,,,,,288,3,2016-02-03 18:00:18.023490+00:00,,,,,,46,0,,,,,
,,,,,,,289,3,2016-02-03 18:00:18.101879+00:00,,,,,,47,0,,,,,
,,,,,,,290,3,2016-02-03 18:00:18.179852+00:00,,,,,,48,0,,,,,
,,,,,,,291,3,2016-02-03 18:00:18.257833+00:00,,,,,,49,0,,,,,
,,,,,,,292,3,2016-02-03 18:00:18.337458+00:00,,,,,,50,0,,,,,
,,,,,,,293,3,2016-02-03 18:00:18.415878+00:00,,,,,,51,0,,,,,
,,,,,,,294,3,2016-02-03 18:00:18.493456+00:00,,,,,,52,0,,,,,
,,,,,,,295,3,2016-02-03 18:00:18.571027+00:00,,,,,,53,0,,,,,
,,,,,,,296,3,2016-02-03 18:00:18.650684+00:00,,,,,,54,0,,,,,
,,,,,,,297,3,2016-02-03 18:00:18.728380+00:00,,,,,,55,0,,,,,
,,,,,,,298,3,2016-02-03 18:00:18.806901+00:00,,,,,,56,0,,,,,
,,,,,,,299,3,2016-02-03 18:00:18.884814+00:00,,,,,,57,0,,,,,
,,,,,,,300,3,2016-02-03 18:00:18.962487+00:00,,,,,,58,0,,,,,
,,,,,,,301,3,2016-02-03 18:00:19.040046+00:00,,,,,,59,0,,,,,
,,,,,,,302,3,2016-02-03 18:00:19.118426+00:00,,,,,,60,0,,,,,
,,,,,,,303,3,2016-02-03 18:00:19.197611+00:00,,,,,,61,0,,,,,
,,,,,,,304,3,2016-02-03 18:00:19.275381+00:00,,,,,,62,0,,,,,
,,,,,,,305,3,2016-02-03 18:00:19.353339+00:00,,,,,,63,0,,,,,
,,,,,,,306,3,2016-02-03 18:00:19.431268+00:00,,,,,,64,0,,,,,
,,,,,,,307,3,2016-02-03 18:00:19.956328+00:00,,,,,,65,0,,,,,
,,,,,,,308,3,2016-02-03 18:00:20.033590+00:00,,,,,,66,0,,,,,
,,,,,,,309,3,2016-02-03 18:00:20.112234+00:00,,,,,,67,0,,,,,
,,,,,,,310,3,2016-02-03 18:00:20.191051+00:00,,,,,,68,0,,,,,
,,,,,,,311,3,2016-02-03 18:00:20.269513+00:00,,,,,,69,0,,,,,
,,,,,,,312,3,2016-02-03 18:00:20.348610+00:00,,,,,,70,0,,,,,
,,,,,,,313,3,2016-02-03 18:00:20.427380+00:00,,,,,,71,0,,,,,
,,,,,,,314,3,2016-02-03 18:00:20.506388+00:00,,,,,,72,0,,,,,
,,,,,,,315,3,2016-02-03 18:00:20.584942+00:00,,,,,,73,0,,,,,
,,,,,,,316,3,2016-02-03 18:00:20.663277+00:00,,,,,,74,0,,,,,
,,,,,,,317,3,2016-02-03 18:00:20.742498+00:00,,,,,,75,0,,,,,
,,,,,,,318,3,2016-02-03 18:00:20.820888+00:00,,,,,,76,0,,,,,
,,,,,,,319,3,2016-02-03 18:00:20.899059+00:00,,,,,,77,0,,,,,
,,,,,,,320,3,2016-02-03 18:00:20.977383+00:00,,,,,,78,0,,,,,
,,,,,,,321,3,2016-02-03 18:00:21.055646+00:00,,,,,,79,0,,,,,
,,,,,,,322,3,2016-02-03 18:00:21.135543+00:00,,,,,,80,0,,,,,
,,,,,,,323,3,2016-02-03 18:00:21.213924+00:00,,,,,,81,0,,,,,
,,,,,,,324,3,2016-02-03 18:00:21.291459+00:00,,,,,,82,0,,,,,
,,,,,,,325,3,2016-02-03 18:00:21.369153+00:00,,,,,,83,0,,,,,
,,,,,,,326,3,2016-02-03 18:00:21.447047+00:00,,,,,,84,0,,,,,
,,,,,,,327,3,2016-02-03 18:00:21.525488+00:00,,,,,,85,0,,,,,
,,,,,,,328,3,2016-02-03 18:00:21.610466+00:00,,,,,,86,0,,,,,
,,,,,,,329,3,2016-02-03 18:00:21.688395+00:00,,,,,,87,0,,,,,
,,,,,,,330,3,2016-02-03 18:00:21.766307+00:00,,,,,,88,0,,,,,
,,,,,,,331,3,2016-02-03 18:00:21.844044+00:00,,,,,,89,0,,,,,
,,,,,,,332,3,2016-02-03 18:00:21.921710+00:00,,,,,,90,0,,,,,
,,,,,,,333,3,2016-02-03 18:00:21.999888+00:00,,,,,,91,0,,,,,
,,,,,,,334,3,2016-02-03 18:00:22.078007+00:00,,,,,,92,0,,,,,
,,,,,,,335,3,2016-02-03 18:00:22.157041+00:00,,,,,,93,0,,,,,
,,,,,,,336,3,2016-02-03 18:00:22.235309+00:00,,,,,,94,0,,,,,
,,,,,,,337,3,2016-02-03 18:00:22.364889+00:00,,,,,,95,0,,,,,
,,,,,,,338,3,2016-02-03 18:00:22.447041+00:00,,,,,,96,0,,,,,
,,,,,,,339,3,2016-02-03 18:00:22.525432+00:00,,,,,,97,0,,,,,
,,,,,,,340,3,2016-02-03 18:00:22.602788+00:00,,,,,,98,0,,,,,
,,,,,,,341,3,2016-02-03 18:00:22.681294+00:00,,,,,,99,0,,,,,
,,,,,,,342,3,2016-02-03 18:00:22.761976+00:00,,,,,,100,0,,,,,
,,,,,,,343,3,2016-02-03 18:00:22.840190+00:00,,,,,,101,0,,,,,
,,,,,,,344,3,2016-02-03 18:00:22.918621+00:00,,,,,,102,0,,,,,
,,,,,,,345,3,2016-02-03 18:00:22.996349+00:00,,,,,,103,0,,,,,
,,,,,,,346,3,2016-02-03 18:00:23.078107+00:00,,,,,,104,0,,,,,
,,,,,,,347,3,2016-02-03 18:00:23.156217+00:00,,,,,,105,0,,,,,
,,,,,,,348,3,2016-02-03 18:00:23.235002+00:00,,,,,,106,0,,,,,
,,,,,,,349,3,2016-02-03 18:00:23.313637+00:00,,,,,,107,0,,,,,
,,,,,,,350,3,2016-02-03 18:00:23.393377+00:00,,,,,,108,0,,,,,
,,,,,,,351,3,2016-02-03 18:00:23.471214+00:00,,,,,,109,0,,,,,
,,,,,,,352,3,2016-02-03 18:00:23.558482+00:00,,,,,,110,0,,,,,
,,,,,,,353,3,2016-02-03 18:00:23.636873+00:00,,,,,,111,0,,,,,
,,,,,,,354,3,2016-02-03 18:00:23.715680+00:00,,,,,,112,0,,,,,
,,,,,,,355,3,2016-02-03 18:00:23.794119+00:00,,,,,,113,0,,,,,
,,,,,,,356,3,2016-02-03 18:00:23.871431+00:00,,,,,,114,0,,,,,
,,,,,,,357,3,2016-02-03 18:00:23.949328+00:00,,,,,,115,0,,,,,
,,,,,,,358,3,2016-02-03 18:00:24.029097+00:00,,,,,,116,0,,,,,
,,,,,,,359,3,2016-02-03 18:00:24.109036+00:00,,,,,,117,0,,,,,
,,,,,,,360,3,2016-02-03 18:00:24.187447+00:00,,,,,,118,0,,,,,
,,,,,,,361,3,2016-02-03 18:00:24.266495+00:00,,,,,,119,0,,,,,
,,,,,,,362,3,2016-02-03 18:00:24.346403+00:00,,,,,,120,0,,,,,
,,,,,,,363,2,2016-02-03 18:00:26.892845+00:00,,,,,,1,0,,,,,
,,,,,,,364,2,2016-02-03 18:00:26.970785+00:00,,,,,,2,0,,,,,
,,,,,,,365,2,2016-02-03 18:00:27.048415+00:00,,,,,,3,0,,,,,
,,,,,,,366,2,2016-02-03 18:00:27.125945+00:00,,,,,,4,0,,,,,
,,,,,,,367,2,2016-02-03 18:00:27.204563+00:00,,,,,,5,0,,,,,
,,,,,,,368,2,2016-02-03 18:00:27.282524+00:00,,,,,,6,0,,,,,
,,,,,,,369,2,2016-02-03 18:00:27.361219+00:00,,,,,,7,0,,,,,
,,,,,,,370,2,2016-02-03 18:00:27.439142+00:00,,,,,,8,0,,,,,
,,,,,,,371,2,2016-02-03 18:00:27.516808+00:00,,,,,,9,0,,,,,
,,,,,,,372,2,2016-02-03 18:00:27.594191+00:00,,,,,,10,0,,,,,
,,,,,,,373,2,2016-02-03 18:00:27.672325+00:00,,,,,,11,0,,,,,
,,,,,,,374,2,2016-02-03 18:00:27.751069+00:00,,,,,,12,0,,,,,
,,,,,,,375,2,2016-02-03 18:00:27.832377+00:00,,,,,,13,0,,,,,
,,,,,,,376,2,2016-02-03 18:00:27.910624+00:00,,,,,,14,0,,,,,
,,,,,,,377,2,2016-02-03 18:00:27.988145+00:00,,,,,,15,0,,,,,
,,,,,,,378,2,2016-02-03 18:00:28.065965+00:00,,,,,,16,0,,,,,
,,,,,,,379,2,2016-02-03 18:00:28.147272+00:00,,,,,,17,0,,,,,
,,,,,,,380,2,2016-02-03 18:00:28.225484+00:00,,,,,,18,0,,,,,
,,,,,,,381,2,2016-02-03 18:00:28.304596+00:00,,,,,,19,0,,,,,
,,,,,,,382,2,2016-02-03 18:00:28.382734+00:00,,,,,,20,0,,,,,
,,,,,,,383,2,2016-02-03 18:00:28.460577+00:00,,,,,,21,0,,,,,
,,,,,,,384,2,2016-02-03 18:00:28.538332+00:00,,,,,,22,0,,,,,
,,,,,,,385,2,2016-02-03 18:00:28.616565+00:00,,,,,,23,0,,,,,
,,,,,,,386,2,2016-02-03 18:00:28.694844+00:00,,,,,,24,0,,,,,
,,,,,,,387,2,2016-02-03 18:00:28.773537+00:00,,,,,,25,0,,,,,
,,,,,,,388,2,2016-02-03 18:00:28.851688+00:00,,,,,,26,0,,,,,
,,,,,,,389,2,2016-02-03 18:00:28.932264+00:00,,,,,,27,0,,,,,
,,,,,,,390,2,2016-02-03 18:00:29.015408+00:00,,,,,,28,0,,,,,
,,,,,,,391,2,2016-02-03 18:00:29.093087+00:00,,,,,,29,0,,,,,
,,,,,,,392,2,2016-02-03 18:00:29.171313+00:00,,,,,,30,0,,,,,
,,,,,,,393,2,2016-02-03 18:00:29.249674+00:00,,,,,,31,0,,,,,
,,,,,,,394,2,2016-02-03 18:00:29.327551+00:00,,,,,,32,0,,,,,
,,,,,,,395,2,2016-02-03 18:00:29.405196+00:00,,,,,,33,0,,,,,
,,,,,,,396,2,2016-02-03 18:00:29.482883+00:00,,,,,,34,0,,,,,
,,,,,,,397,2,2016-02-03 18:00:29.561535+00:00,,,,,,35,0,,,,,
,,,,,,,398,2,2016-02-03 18:00:29.639524+00:00,,,,,,36,0,,,,,
,,,,,,,399,2,2016-02-03 18:00:29.717924+00:00,,,,,,37,0,,,,,
,,,,,,,400,2,2016-02-03 18:00:29.796925+00:00,,,,,,38,0,,,,,
,,,,,,,401,2,2016-02-03 18:00:29.877858+00:00,,,,,,39,0,,,,,
,,,,,,,402,2,2016-02-03 18:00:29.955426+00:00,,,,,,40,0,,,,,
,,,,,,,403,2,2016-02-03 18:00:30.033108+00:00,,,,,,41,0,,,,,
,,,,,,,404,2,2016-02-03 18:00:30.111311+00:00,,,,,,42,0,,,,,
,,,,,,,405,2,2016-02-03 18:00:30.189331+00:00,,,,,,43,0,,,,,
,,,,,,,406,2,2016-02-03 18:00:30.269081+00:00,,,,,,44,0,,,,,
,,,,,,,407,2,2016-02-03 18:00:30.348052+00:00,,,,,,45,0,,,,,
,,,,,,,408,2,2016-02-03 18:00:30.425657+00:00,,,,,,46,0,,,,,
,,,,,,,409,2,2016-02-03 18:00:30.503204+00:00,,,,,,47,0,,,,,
,,,,,,,410,2,2016-02-03 18:00:30.627941+00:00,,,,,,48,0,,,,,
,,,,,,,411,2,2016-02-03 18:00:30.706170+00:00,,,,,,49,0,,,,,
,,,,,,,412,2,2016-02-03 18:00:30.784247+00:00,,,,,,50,0,,,,,
,,,,,,,413,2,2016-02-03 18:00:30.861795+00:00,,,,,,51,0,,,,,
,,,,,,,414,2,2016-02-03 18:00:30.939567+00:00,,,,,,52,0,,,,,
,,,,,,,415,2,2016-02-03 18:00:31.017720+00:00,,,,,,53,0,,,,,
,,,,,,,416,2,2016-02-03 18:00:31.095562+00:00,,,,,,54,0,,,,,
,,,,,,,417,2,2016-02-03 18:00:31.173211+00:00,,,,,,55,0,,,,,
,,,,,,,418,2,2016-02-03 18:00:31.250862+00:00,,,,,,56,0,,,,,
,,,,,,,419,2,2016-02-03 18:00:31.330672+00:00,,,,,,57,0,,,,,
,,,,,,,420,2,2016-02-03 18:00:31.408731+00:00,,,,,,58,0,,,,,
,,,,,,,421,2,2016-02-03 18:00:31.486470+00:00,,,,,,59,0,,,,,
,,,,,,,422,2,2016-02-03 18:00:31.564601+00:00,,,,,,60,0,,,,,
,,,,,,,423,2,2016-02-03 18:00:31.643684+00:00,,,,,,61,0,,,,,
,,,,,,,424,2,2016-02-03 18:00:31.722316+00:00,,,,,,62,0,,,,,
,,,,,,,425,2,2016-02-03 18:00:31.799900+00:00,,,,,,63,0,,,,,
,,,,,,,426,2,2016-02-03 18:00:31.878738+00:00,,,,,,64,0,,,,,
,,,,,,,427,2,2016-02-03 18:00:31.958221+00:00,,,,,,65,0,,,,,
,,,,,,,428,2,2016-02-03 18:00:32.036671+00:00,,,,,,66,0,,,,,
,,,,,,,429,2,2016-02-03 18:00:32.115153+00:00,,,,,,67,0,,,,,
,,,,,,,430,2,2016-02-03 18:00:32.194273+00:00,,,,,,68,0,,,,,
,,,,,,,431,2,2016-02-03 18:00:32.273690+00:00,,,,,,69,0,,,,,
,,,,,,,432,2,2016-02-03 18:00:32.352562+00:00,,,,,,70,0,,,,,
,,,,,,,433,2,2016-02-03 18:00:32.431498+00:00,,,,,,71,0,,,,,
,,,,,,,434,2,2016-02-03 18:00:32.509078+00:00,,,,,,72,0,,,,,
,,,,,,,435,2,2016-02-03 18:00:32.586666+00:00,,,,,,73,0,,,,,
,,,,,,,436,2,2016-02-03 18:00:32.665006+00:00,,,,,,74,0,,,,,
,,,,,,,437,2,2016-02-03 18:00:32.743296+00:00,,,,,,75,0,,,,,
,,,,,,,438,2,2016-02-03 18:00:32.821010+00:00,,,,,,76,0,,,,,
,,,,,,,439,2,2016-02-03 18:00:32.898797+00:00,,,,,,77,0,,,,,
,,,,,,,440,2,2016-02-03 18:00:32.977008+00:00,,,,,,78,0,,,,,
,,,,,,,441,2,2016-02-03 18:00:33.055298+00:00,,,,,,79,0,,,,,
,,,,,,,442,2,2016-02-03 18:00:33.133511+00:00,,,,,,80,0,,,,,
,,,,,,,443,2,2016-02-03 18:00:33.210883+00:00,,,,,,81,0,,,,,
,,,,,,,444,2,2016-02-03 18:00:33.290797+00:00,,,,,,82,0,,,,,
,,,,,,,445,2,2016-02-03 18:00:33.368746+00:00,,,,,,83,0,,,,,
,,,,,,,446,2,2016-02-03 18:00:33.446355+00:00,,,,,,84,0,,,,,
,,,,,,,447,2,2016-02-03 18:00:33.525416+00:00,,,,,,85,0,,,,,
,,,,,,,448,2,2016-02-03 18:00:33.603323+00:00,,,,,,86,0,,,,,
,,,,,,,449,2,2016-02-03 18:00:33.681594+00:00,,,,,,87,0,,,,,
,,,,,,,450,2,2016-02-03 18:00:33.759464+00:00,,,,,,88,0,,,,,
,,,,,,,451,2,2016-02-03 18:00:33.837593+00:00,,,,,,89,0,,,,,
,,,,,,,452,2,2016-02-03 18:00:33.916400+00:00,,,,,,90,0,,,,,
,,,,,,,453,2,2016-02-03 18:00:33.994027+00:00,,,,,,91,0,,,,,
,,,,,,,454,2,2016-02-03 18:00:34.072240+00:00,,,,,,92,0,,,,,
,,,,,,,455,2,2016-02-03 18:00:34.150088+00:00,,,,,,93,0,,,,,
,,,,,,,456,2,2016-02-03 18:00:34.228143+00:00,,,,,,94,0,,,,,
,,,,,,,457,2,2016-02-03 18:00:34.306000+00:00,,,,,,95,0,,,,,
,,,,,,,458,2,2016-02-03 18:00:34.383934+00:00,,,,,,96,0,,,,,
,,,,,,,459,2,2016-02-03 18:00:34.461400+00:00,,,,,,97,0,,,,,
,,,,,,,460,2,2016-02-03 18:00:34.538777+00:00,,,,,,98,0,,,,,
,,,,,,,461,2,2016-02-03 18:00:34.616699+00:00,,,,,,99,0,,,,,
,,,,,,,462,2,2016-02-03 18:00:34.695370+00:00,,,,,,100,0,,,,,
,,,,,,,463,2,2016-02-03 18:00:34.773028+00:00,,,,,,101,0,,,,,
,,,,,,,464,2,2016-02-03 18:00:34.850836+00:00,,,,,,102,0,,,,,
,,,,,,,465,2,2016-02-03 18:00:34.928692+00:00,,,,,,103,0,,,,,
,,,,,,,466,2,2016-02-03 18:00:35.006686+00:00,,,,,,104,0,,,,,
,,,,,,,467,2,2016-02-03 18:00:35.084369+00:00,,,,,,105,0,,,,,
,,,,,,,468,2,2016-02-03 18:00:35.162327+00:00,,,,,,106,0,,,,,
,,,,,,,469,2,2016-02-03 18:00:35.241044+00:00,,,,,,107,0,,,,,
,,,,,,,470,2,2016-02-03 18:00:35.319692+00:00,,,,,,108,0,,,,,
,,,,,,,471,2,2016-02-03 18:00:35.397925+00:00,,,,,,109,0,,,,,
,,,,,,,472,2,2016-02-03 18:00:35.475656+00:00,,,,,,110,0,,,,,
,,,,,,,473,2,2016-02-03 18:00:35.553185+00:00,,,,,,111,0,,,,,
,,,,,,,474,2,2016-02-03 18:00:35.631318+00:00,,,,,,112,0,,,,,
,,,,,,,475,2,2016-02-03 18:00:35.710002+00:00,,,,,,113,0,,,,,
,,,,,,,476,2,2016-02-03 18:00:35.790457+00:00,,,,,,114,0,,,,,
,,,,,,,477,2,2016-02-03 18:00:35.869438+00:00,,,,,,115,0,,,,,
,,,,,,,478,2,2016-02-03 18:00:35.948614+00:00,,,,,,116,0,,,,,
,,,,,,,479,2,2016-02-03 18:00:36.026955+00:00,,,,,,117,0,,,,,
,,,,,,,480,2,2016-02-03 18:00:36.105938+00:00,,,,,,118,0,,,,,
,,,,,,,481,2,2016-02-03 18:00:36.184363+00:00,,,,,,119,0,,,,,
,,,,,,,482,2,2016-02-03 18:00:36.262455+00:00,,,,,,120,0,,,,,
,,,,,,,525,5,2016-02-03 19:08:06.553296+00:00,,,,,,43,0,,,,,
,,,,,,,483,5,2016-02-03 19:08:03.291912+00:00,,,,,,1,0,,,,,
,,,,,,,484,5,2016-02-03 19:08:03.370907+00:00,,,,,,2,0,,,,,
,,,,,,,485,5,2016-02-03 19:08:03.449110+00:00,,,,,,3,0,,,,,
,,,,,,,486,5,2016-02-03 19:08:03.526674+00:00,,,,,,4,0,,,,,
,,,,,,,487,5,2016-02-03 19:08:03.604175+00:00,,,,,,5,0,,,,,
,,,,,,,488,5,2016-02-03 19:08:03.681441+00:00,,,,,,6,0,,,,,
,,,,,,,489,5,2016-02-03 19:08:03.758619+00:00,,,,,,7,0,,,,,
,,,,,,,490,5,2016-02-03 19:08:03.837139+00:00,,,,,,8,0,,,,,
,,,,,,,491,5,2016-02-03 19:08:03.914513+00:00,,,,,,9,0,,,,,
,,,,,,,492,5,2016-02-03 19:08:03.991668+00:00,,,,,,10,0,,,,,
,,,,,,,493,5,2016-02-03 19:08:04.069278+00:00,,,,,,11,0,,,,,
,,,,,,,494,5,2016-02-03 19:08:04.146837+00:00,,,,,,12,0,,,,,
,,,,,,,495,5,2016-02-03 19:08:04.224140+00:00,,,,,,13,0,,,,,
,,,,,,,496,5,2016-02-03 19:08:04.301468+00:00,,,,,,14,0,,,,,
,,,,,,,497,5,2016-02-03 19:08:04.379574+00:00,,,,,,15,0,,,,,
,,,,,,,498,5,2016-02-03 19:08:04.457279+00:00,,,,,,16,0,,,,,
,,,,,,,499,5,2016-02-03 19:08:04.534880+00:00,,,,,,17,0,,,,,
,,,,,,,500,5,2016-02-03 19:08:04.613250+00:00,,,,,,18,0,,,,,
,,,,,,,501,5,2016-02-03 19:08:04.691356+00:00,,,,,,19,0,,,,,
,,,,,,,502,5,2016-02-03 19:08:04.768911+00:00,,,,,,20,0,,,,,
,,,,,,,503,5,2016-02-03 19:08:04.846143+00:00,,,,,,21,0,,,,,
,,,,,,,504,5,2016-02-03 19:08:04.923526+00:00,,,,,,22,0,,,,,
,,,,,,,505,5,2016-02-03 19:08:05.001125+00:00,,,,,,23,0,,,,,
,,,,,,,506,5,2016-02-03 19:08:05.078188+00:00,,,,,,24,0,,,,,
,,,,,,,507,5,2016-02-03 19:08:05.155768+00:00,,,,,,25,0,,,,,
,,,,,,,508,5,2016-02-03 19:08:05.233797+00:00,,,,,,26,0,,,,,
,,,,,,,509,5,2016-02-03 19:08:05.311121+00:00,,,,,,27,0,,,,,
,,,,,,,510,5,2016-02-03 19:08:05.388456+00:00,,,,,,28,0,,,,,
,,,,,,,511,5,2016-02-03 19:08:05.466846+00:00,,,,,,29,0,,,,,
,,,,,,,512,5,2016-02-03 19:08:05.544842+00:00,,,,,,30,0,,,,,
,,,,,,,513,5,2016-02-03 19:08:05.622346+00:00,,,,,,31,0,,,,,
,,,,,,,514,5,2016-02-03 19:08:05.700287+00:00,,,,,,32,0,,,,,
,,,,,,,515,5,2016-02-03 19:08:05.777590+00:00,,,,,,33,0,,,,,
,,,,,,,516,5,2016-02-03 19:08:05.855042+00:00,,,,,,34,0,,,,,
,,,,,,,517,5,2016-02-03 19:08:05.932692+00:00,,,,,,35,0,,,,,
,,,,,,,518,5,2016-02-03 19:08:06.010113+00:00,,,,,,36,0,,,,,
,,,,,,,519,5,2016-02-03 19:08:06.087610+00:00,,,,,,37,0,,,,,
,,,,,,,520,5,2016-02-03 19:08:06.164434+00:00,,,,,,38,0,,,,,
,,,,,,,521,5,2016-02-03 19:08:06.241683+00:00,,,,,,39,0,,,,,
,,,,,,,522,5,2016-02-03 19:08:06.319682+00:00,,,,,,40,0,,,,,
,,,,,,,523,5,2016-02-03 19:08:06.398111+00:00,,,,,,41,0,,,,,
,,,,,,,524,5,2016-02-03 19:08:06.475661+00:00,,,,,,42,0,,,,,
,,,,,,,526,5,2016-02-03 19:08:06.630533+00:00,,,,,,44,0,,,,,
,,,,,,,527,5,2016-02-03 19:08:06.708059+00:00,,,,,,45,0,,,,,
,,,,,,,528,5,2016-02-03 19:08:06.785623+00:00,,,,,,46,0,,,,,
,,,,,,,529,5,2016-02-03 19:08:06.863142+00:00,,,,,,47,0,,,,,
,,,,,,,530,5,2016-02-03 19:08:06.940894+00:00,,,,,,48,0,,,,,
,,,,,,,531,5,2016-02-03 19:08:07.018569+00:00,,,,,,49,0,,,,,
,,,,,,,532,5,2016-02-03 19:08:07.096246+00:00,,,,,,50,0,,,,,
,,,,,,,533,5,2016-02-03 19:08:07.174363+00:00,,,,,,51,0,,,,,
,,,,,,,534,5,2016-02-03 19:08:07.252224+00:00,,,,,,52,0,,,,,
,,,,,,,535,5,2016-02-03 19:08:07.329398+00:00,,,,,,53,0,,,,,
,,,,,,,536,5,2016-02-03 19:08:07.406884+00:00,,,,,,54,0,,,,,
,,,,,,,537,5,2016-02-03 19:08:07.484570+00:00,,,,,,55,0,,,,,
,,,,,,,538,5,2016-02-03 19:08:07.562656+00:00,,,,,,56,0,,,,,
,,,,,,,539,5,2016-02-03 19:08:07.640841+00:00,,,,,,57,0,,,,,
,,,,,,,540,5,2016-02-03 19:08:07.719328+00:00,,,,,,58,0,,,,,
,,,,,,,541,5,2016-02-03 19:08:07.798035+00:00,,,,,,59,0,,,,,
,,,,,,,542,5,2016-02-03 19:08:07.876018+00:00,,,,,,60,0,,,,,
,,,,,,,543,5,2016-02-03 19:08:07.954171+00:00,,,,,,61,0,,,,,
,,,,,,,544,5,2016-02-03 19:08:08.032497+00:00,,,,,,62,0,,,,,
,,,,,,,545,5,2016-02-03 19:08:08.112028+00:00,,,,,,63,0,,,,,
,,,,,,,546,5,2016-02-03 19:08:08.189327+00:00,,,,,,64,0,,,,,
,,,,,,,547,5,2016-02-03 19:08:08.266843+00:00,,,,,,65,0,,,,,
,,,,,,,548,5,2016-02-03 19:08:08.345174+00:00,,,,,,66,0,,,,,
,,,,,,,549,5,2016-02-03 19:08:08.423725+00:00,,,,,,67,0,,,,,
,,,,,,,550,5,2016-02-03 19:08:08.501616+00:00,,,,,,68,0,,,,,
,,,,,,,551,5,2016-02-03 19:08:08.579820+00:00,,,,,,69,0,,,,,
,,,,,,,552,5,2016-02-03 19:08:08.658353+00:00,,,,,,70,0,,,,,
,,,,,,,553,5,2016-02-03 19:08:08.736703+00:00,,,,,,71,0,,,,,
,,,,,,,554,5,2016-02-03 19:08:08.814162+00:00,,,,,,72,0,,,,,
,,,,,,,555,5,2016-02-03 19:08:08.892996+00:00,,,,,,73,0,,,,,
,,,,,,,556,5,2016-02-03 19:08:08.970542+00:00,,,,,,74,0,,,,,
,,,,,,,557,5,2016-02-03 19:08:09.047817+00:00,,,,,,75,0,,,,,
,,,,,,,558,5,2016-02-03 19:08:09.125073+00:00,,,,,,76,0,,,,,
,,,,,,,559,5,2016-02-03 19:08:09.202706+00:00,,,,,,77,0,,,,,
,,,,,,,560,5,2016-02-03 19:08:09.280004+00:00,,,,,,78,0,,,,,
,,,,,,,561,5,2016-02-03 19:08:09.358089+00:00,,,,,,79,0,,,,,
,,,,,,,562,5,2016-02-03 19:08:09.435190+00:00,,,,,,80,0,,,,,
,,,,,,,563,5,2016-02-03 19:08:09.512552+00:00,,,,,,81,0,,,,,
,,,,,,,564,5,2016-02-03 19:08:09.590316+00:00,,,,,,82,0,,,,,
,,,,,,,565,5,2016-02-03 19:08:09.668280+00:00,,,,,,83,0,,,,,
,,,,,,,566,5,2016-02-03 19:08:09.746124+00:00,,,,,,84,0,,,,,
,,,,,,,567,5,2016-02-03 19:08:09.824277+00:00,,,,,,85,0,,,,,
,,,,,,,568,5,2016-02-03 19:08:09.902696+00:00,,,,,,86,0,,,,,
,,,,,,,569,5,2016-02-03 19:08:09.980477+00:00,,,,,,87,0,,,,,
,,,,,,,570,5,2016-02-03 19:08:10.058065+00:00,,,,,,88,0,,,,,
,,,,,,,571,5,2016-02-03 19:08:10.135533+00:00,,,,,,89,0,,,,,
,,,,,,,572,5,2016-02-03 19:08:10.213156+00:00,,,,,,90,0,,,,,
,,,,,,,573,5,2016-02-03 19:08:10.290575+00:00,,,,,,91,0,,,,,
,,,,,,,574,5,2016-02-03 19:08:10.368016+00:00,,,,,,92,0,,,,,
,,,,,,,575,5,2016-02-03 19:08:10.445256+00:00,,,,,,93,0,,,,,
,,,,,,,576,5,2016-02-03 19:08:10.522647+00:00,,,,,,94,0,,,,,
,,,,,,,577,5,2016-02-03 19:08:10.602737+00:00,,,,,,95,0,,,,,
,,,,,,,578,5,2016-02-03 19:08:10.680394+00:00,,,,,,96,0,,,,,
,,,,,,,579,5,2016-02-03 19:08:10.757794+00:00,,,,,,97,0,,,,,
,,,,,,,580,5,2016-02-03 19:08:10.835262+00:00,,,,,,98,0,,,,,
,,,,,,,581,5,2016-02-03 19:08:10.912467+00:00,,,,,,99,0,,,,,
,,,,,,,582,5,2016-02-03 19:08:10.990124+00:00,,,,,,100,0,,,,,
,,,,,,,583,5,2016-02-03 19:08:11.067224+00:00,,,,,,101,0,,,,,
,,,,,,,584,5,2016-02-03 19:08:11.144405+00:00,,,,,,102,0,,,,,
,,,,,,,585,5,2016-02-03 19:08:11.221668+00:00,,,,,,103,0,,,,,
,,,,,,,586,5,2016-02-03 19:08:11.299292+00:00,,,,,,104,0,,,,,
,,,,,,,587,5,2016-02-03 19:08:11.377253+00:00,,,,,,105,0,,,,,
,,,,,,,588,5,2016-02-03 19:08:11.455125+00:00,,,,,,106,0,,,,,
,,,,,,,589,5,2016-02-03 19:08:11.535075+00:00,,,,,,107,0,,,,,
,,,,,,,590,5,2016-02-03 19:08:11.612327+00:00,,,,,,108,0,,,,,
,,,,,,,591,5,2016-02-03 19:08:11.690210+00:00,,,,,,109,0,,,,,
,,,,,,,592,5,2016-02-03 19:08:11.767325+00:00,,,,,,110,0,,,,,
,,,,,,,593,5,2016-02-03 19:08:11.844482+00:00,,,,,,111,0,,,,,
,,,,,,,594,5,2016-02-03 19:08:11.921569+00:00,,,,,,112,0,,,,,
,,,,,,,595,5,2016-02-03 19:08:11.998714+00:00,,,,,,113,0,,,,,
,,,,,,,596,5,2016-02-03 19:08:12.075923+00:00,,,,,,114,0,,,,,
,,,,,,,597,5,2016-02-03 19:08:12.153198+00:00,,,,,,115,0,,,,,
,,,,,,,598,5,2016-02-03 19:08:12.230609+00:00,,,,,,116,0,,,,,
,,,,,,,599,5,2016-02-03 19:08:12.308068+00:00,,,,,,117,0,,,,,
,,,,,,,600,5,2016-02-03 19:08:12.385343+00:00,,,,,,118,0,,,,,
,,,,,,,601,5,2016-02-03 19:08:12.463174+00:00,,,,,,119,0,,,,,
,,,,,,,602,5,2016-02-03 19:08:12.540309+00:00,,,,,,120,0,,,,,
,,,,,,,603,6,2016-02-03 19:08:12.637491+00:00,,,,,,1,0,,,,,
,,,,,,,604,6,2016-02-03 19:08:12.714740+00:00,,,,,,2,0,,,,,
,,,,,,,605,6,2016-02-03 19:08:12.792483+00:00,,,,,,3,0,,,,,
,,,,,,,606,6,2016-02-03 19:08:12.872945+00:00,,,,,,4,0,,,,,
,,,,,,,607,6,2016-02-03 19:08:12.950240+00:00,,,,,,5,0,,,,,
,,,,,,,608,6,2016-02-03 19:08:13.027758+00:00,,,,,,6,0,,,,,
,,,,,,,609,6,2016-02-03 19:08:13.105261+00:00,,,,,,7,0,,,,,
,,,,,,,610,6,2016-02-03 19:08:13.182615+00:00,,,,,,8,0,,,,,
,,,,,,,611,6,2016-02-03 19:08:13.259659+00:00,,,,,,9,0,,,,,
,,,,,,,612,6,2016-02-03 19:08:13.337253+00:00,,,,,,10,0,,,,,
,,,,,,,613,6,2016-02-03 19:08:13.414729+00:00,,,,,,11,0,,,,,
,,,,,,,614,6,2016-02-03 19:08:13.491745+00:00,,,,,,12,0,,,,,
,,,,,,,615,6,2016-02-03 19:08:13.568891+00:00,,,,,,13,0,,,,,
,,,,,,,616,6,2016-02-03 19:08:13.645941+00:00,,,,,,14,0,,,,,
,,,,,,,617,6,2016-02-03 19:08:13.723484+00:00,,,,,,15,0,,,,,
,,,,,,,618,6,2016-02-03 19:08:13.800585+00:00,,,,,,16,0,,,,,
,,,,,,,619,6,2016-02-03 19:08:13.878520+00:00,,,,,,17,0,,,,,
,,,,,,,620,6,2016-02-03 19:08:13.956211+00:00,,,,,,18,0,,,,,
,,,,,,,621,6,2016-02-03 19:08:14.033334+00:00,,,,,,19,0,,,,,
,,,,,,,622,6,2016-02-03 19:08:14.110813+00:00,,,,,,20,0,,,,,
,,,,,,,623,6,2016-02-03 19:08:14.188141+00:00,,,,,,21,0,,,,,
,,,,,,,624,6,2016-02-03 19:08:14.265309+00:00,,,,,,22,0,,,,,
,,,,,,,625,6,2016-02-03 19:08:14.342779+00:00,,,,,,23,0,,,,,
,,,,,,,626,6,2016-02-03 19:08:14.420231+00:00,,,,,,24,0,,,,,
,,,,,,,627,6,2016-02-03 19:08:14.497527+00:00,,,,,,25,0,,,,,
,,,,,,,628,6,2016-02-03 19:08:14.574831+00:00,,,,,,26,0,,,,,
,,,,,,,629,6,2016-02-03 19:08:14.652243+00:00,,,,,,27,0,,,,,
,,,,,,,630,6,2016-02-03 19:08:14.730271+00:00,,,,,,28,0,,,,,
,,,,,,,631,6,2016-02-03 19:08:14.807506+00:00,,,,,,29,0,,,,,
,,,,,,,632,6,2016-02-03 19:08:14.885903+00:00,,,,,,30,0,,,,,
,,,,,,,633,6,2016-02-03 19:08:14.963166+00:00,,,,,,31,0,,,,,
,,,,,,,634,6,2016-02-03 19:08:15.040997+00:00,,,,,,32,0,,,,,
,,,,,,,635,6,2016-02-03 19:08:15.122219+00:00,,,,,,33,0,,,,,
,,,,,,,636,6,2016-02-03 19:08:15.200253+00:00,,,,,,34,0,,,,,
,,,,,,,637,6,2016-02-03 19:08:15.279001+00:00,,,,,,35,0,,,,,
,,,,,,,638,6,2016-02-03 19:08:15.356378+00:00,,,,,,36,0,,,,,
,,,,,,,639,6,2016-02-03 19:08:15.436583+00:00,,,,,,37,0,,,,,
,,,,,,,640,6,2016-02-03 19:08:15.514088+00:00,,,,,,38,0,,,,,
,,,,,,,641,6,2016-02-03 19:08:15.591742+00:00,,,,,,39,0,,,,,
,,,,,,,642,6,2016-02-03 19:08:15.669471+00:00,,,,,,40,0,,,,,
,,,,,,,643,6,2016-02-03 19:08:15.746870+00:00,,,,,,41,0,,,,,
,,,,,,,644,6,2016-02-03 19:08:15.824010+00:00,,,,,,42,0,,,,,
,,,,,,,645,6,2016-02-03 19:08:15.901496+00:00,,,,,,43,0,,,,,
,,,,,,,646,6,2016-02-03 19:08:15.978942+00:00,,,,,,44,0,,,,,
,,,,,,,647,6,2016-02-03 19:08:16.056198+00:00,,,,,,45,0,,,,,
,,,,,,,648,6,2016-02-03 19:08:16.133963+00:00,,,,,,46,0,,,,,
,,,,,,,649,6,2016-02-03 19:08:16.211735+00:00,,,,,,47,0,,,,,
,,,,,,,650,6,2016-02-03 19:08:16.289124+00:00,,,,,,48,0,,,,,
,,,,,,,651,6,2016-02-03 19:08:16.366746+00:00,,,,,,49,0,,,,,
,,,,,,,652,6,2016-02-03 19:08:16.444157+00:00,,,,,,50,0,,,,,
,,,,,,,653,6,2016-02-03 19:08:16.521540+00:00,,,,,,51,0,,,,,
,,,,,,,654,6,2016-02-03 19:08:16.598622+00:00,,,,,,52,0,,,,,
,,,,,,,655,6,2016-02-03 19:08:16.675941+00:00,,,,,,53,0,,,,,
,,,,,,,656,6,2016-02-03 19:08:16.753254+00:00,,,,,,54,0,,,,,
,,,,,,,657,6,2016-02-03 19:08:16.830403+00:00,,,,,,55,0,,,,,
,,,,,,,658,6,2016-02-03 19:08:16.907766+00:00,,,,,,56,0,,,,,
,,,,,,,659,6,2016-02-03 19:08:16.984977+00:00,,,,,,57,0,,,,,
,,,,,,,660,6,2016-02-03 19:08:17.062445+00:00,,,,,,58,0,,,,,
,,,,,,,661,6,2016-02-03 19:08:17.139749+00:00,,,,,,59,0,,,,,
,,,,,,,662,6,2016-02-03 19:08:17.217828+00:00,,,,,,60,0,,,,,
,,,,,,,663,6,2016-02-03 19:08:17.295630+00:00,,,,,,61,0,,,,,
,,,,,,,664,6,2016-02-03 19:08:17.373280+00:00,,,,,,62,0,,,,,
,,,,,,,665,6,2016-02-03 19:08:17.450850+00:00,,,,,,63,0,,,,,
,,,,,,,666,6,2016-02-03 19:08:17.531423+00:00,,,,,,64,0,,,,,
,,,,,,,667,6,2016-02-03 19:08:17.608472+00:00,,,,,,65,0,,,,,
,,,,,,,668,6,2016-02-03 19:08:17.685503+00:00,,,,,,66,0,,,,,
,,,,,,,669,6,2016-02-03 19:08:17.770302+00:00,,,,,,67,0,,,,,
,,,,,,,670,6,2016-02-03 19:08:17.880475+00:00,,,,,,68,0,,,,,
,,,,,,,671,6,2016-02-03 19:08:18.002888+00:00,,,,,,69,0,,,,,
,,,,,,,672,6,2016-02-03 19:08:18.080334+00:00,,,,,,70,0,,,,,
,,,,,,,673,6,2016-02-03 19:08:18.158827+00:00,,,,,,71,0,,,,,
,,,,,,,674,6,2016-02-03 19:08:18.236416+00:00,,,,,,72,0,,,,,
,,,,,,,675,6,2016-02-03 19:08:18.316988+00:00,,,,,,73,0,,,,,
,,,,,,,676,6,2016-02-03 19:08:18.394430+00:00,,,,,,74,0,,,,,
,,,,,,,677,6,2016-02-03 19:08:18.472067+00:00,,,,,,75,0,,,,,
,,,,,,,678,6,2016-02-03 19:08:18.550561+00:00,,,,,,76,0,,,,,
,,,,,,,679,6,2016-02-03 19:08:18.627977+00:00,,,,,,77,0,,,,,
,,,,,,,680,6,2016-02-03 19:08:18.709061+00:00,,,,,,78,0,,,,,
,,,,,,,681,6,2016-02-03 19:08:18.787259+00:00,,,,,,79,0,,,,,
,,,,,,,682,6,2016-02-03 19:08:18.865553+00:00,,,,,,80,0,,,,,
,,,,,,,683,6,2016-02-03 19:08:18.942836+00:00,,,,,,81,0,,,,,
,,,,,,,684,6,2016-02-03 19:08:19.020102+00:00,,,,,,82,0,,,,,
,,,,,,,685,6,2016-02-03 19:08:19.097513+00:00,,,,,,83,0,,,,,
,,,,,,,686,6,2016-02-03 19:08:19.175451+00:00,,,,,,84,0,,,,,
,,,,,,,687,6,2016-02-03 19:08:19.255320+00:00,,,,,,85,0,,,,,
,,,,,,,688,6,2016-02-03 19:08:19.333480+00:00,,,,,,86,0,,,,,
,,,,,,,689,6,2016-02-03 19:08:19.410477+00:00,,,,,,87,0,,,,,
,,,,,,,690,6,2016-02-03 19:08:19.487606+00:00,,,,,,88,0,,,,,
,,,,,,,691,6,2016-02-03 19:08:19.564770+00:00,,,,,,89,0,,,,,
,,,,,,,692,6,2016-02-03 19:08:19.641994+00:00,,,,,,90,0,,,,,
,,,,,,,693,6,2016-02-03 19:08:19.719671+00:00,,,,,,91,0,,,,,
,,,,,,,694,6,2016-02-03 19:08:19.797023+00:00,,,,,,92,0,,,,,
,,,,,,,695,6,2016-02-03 19:08:19.875319+00:00,,,,,,93,0,,,,,
,,,,,,,696,6,2016-02-03 19:08:19.955840+00:00,,,,,,94,0,,,,,
,,,,,,,697,6,2016-02-03 19:08:20.033667+00:00,,,,,,95,0,,,,,
,,,,,,,698,6,2016-02-03 19:08:20.110988+00:00,,,,,,96,0,,,,,
,,,,,,,699,6,2016-02-03 19:08:20.188483+00:00,,,,,,97,0,,,,,
,,,,,,,700,6,2016-02-03 19:08:20.266476+00:00,,,,,,98,0,,,,,
,,,,,,,701,6,2016-02-03 19:08:20.344197+00:00,,,,,,99,0,,,,,
,,,,,,,702,6,2016-02-03 19:08:20.421744+00:00,,,,,,100,0,,,,,
,,,,,,,703,6,2016-02-03 19:08:20.499484+00:00,,,,,,101,0,,,,,
,,,,,,,704,6,2016-02-03 19:08:20.577927+00:00,,,,,,102,0,,,,,
,,,,,,,705,6,2016-02-03 19:08:20.655752+00:00,,,,,,103,0,,,,,
,,,,,,,706,6,2016-02-03 19:08:20.736780+00:00,,,,,,104,0,,,,,
,,,,,,,707,6,2016-02-03 19:08:20.814242+00:00,,,,,,105,0,,,,,
,,,,,,,708,6,2016-02-03 19:08:20.892400+00:00,,,,,,106,0,,,,,
,,,,,,,709,6,2016-02-03 19:08:20.969961+00:00,,,,,,107,0,,,,,
,,,,,,,710,6,2016-02-03 19:08:21.047468+00:00,,,,,,108,0,,,,,
,,,,,,,711,6,2016-02-03 19:08:21.125275+00:00,,,,,,109,0,,,,,
,,,,,,,712,6,2016-02-03 19:08:21.202358+00:00,,,,,,110,0,,,,,
,,,,,,,713,6,2016-02-03 19:08:21.280053+00:00,,,,,,111,0,,,,,
,,,,,,,714,6,2016-02-03 19:08:21.357858+00:00,,,,,,112,0,,,,,
,,,,,,,715,6,2016-02-03 19:08:21.435303+00:00,,,,,,113,0,,,,,
,,,,,,,716,6,2016-02-03 19:08:21.513481+00:00,,,,,,114,0,,,,,
,,,,,,,717,6,2016-02-03 19:08:21.591054+00:00,,,,,,115,0,,,,,
,,,,,,,718,6,2016-02-03 19:08:21.668246+00:00,,,,,,116,0,,,,,
,,,,,,,719,6,2016-02-03 19:08:21.745776+00:00,,,,,,117,0,,,,,
,,,,,,,720,6,2016-02-03 19:08:21.823478+00:00,,,,,,118,0,,,,,
,,,,,,,721,6,2016-02-03 19:08:21.901272+00:00,,,,,,119,0,,,,,
,,,,,,,722,6,2016-02-03 19:08:21.979089+00:00,,,,,,120,0,,,,,
,,,,,,,723,7,2016-02-03 19:08:22.077201+00:00,,,,,,1,0,,,,,
,,,,,,,724,7,2016-02-03 19:08:22.154541+00:00,,,,,,2,0,,,,,
,,,,,,,725,7,2016-02-03 19:08:22.232206+00:00,,,,,,3,0,,,,,
,,,,,,,726,7,2016-02-03 19:08:22.309562+00:00,,,,,,4,0,,,,,
,,,,,,,727,7,2016-02-03 19:08:22.387038+00:00,,,,,,5,0,,,,,
,,,,,,,728,7,2016-02-03 19:08:22.464771+00:00,,,,,,6,0,,,,,
,,,,,,,729,7,2016-02-03 19:08:22.542187+00:00,,,,,,7,0,,,,,
,,,,,,,730,7,2016-02-03 19:08:22.619425+00:00,,,,,,8,0,,,,,
,,,,,,,731,7,2016-02-03 19:08:22.697101+00:00,,,,,,9,0,,,,,
,,,,,,,732,7,2016-02-03 19:08:22.774635+00:00,,,,,,10,0,,,,,
,,,,,,,733,7,2016-02-03 19:08:22.852063+00:00,,,,,,11,0,,,,,
,,,,,,,734,7,2016-02-03 19:08:22.929406+00:00,,,,,,12,0,,,,,
,,,,,,,735,7,2016-02-03 19:08:23.006702+00:00,,,,,,13,0,,,,,
,,,,,,,736,7,2016-02-03 19:08:23.085739+00:00,,,,,,14,0,,,,,
,,,,,,,737,7,2016-02-03 19:08:23.163069+00:00,,,,,,15,0,,,,,
,,,,,,,738,7,2016-02-03 19:08:23.240848+00:00,,,,,,16,0,,,,,
,,,,,,,739,7,2016-02-03 19:08:23.318241+00:00,,,,,,17,0,,,,,
,,,,,,,740,7,2016-02-03 19:08:23.395986+00:00,,,,,,18,0,,,,,
,,,,,,,741,7,2016-02-03 19:08:23.473462+00:00,,,,,,19,0,,,,,
,,,,,,,742,7,2016-02-03 19:08:23.551012+00:00,,,,,,20,0,,,,,
,,,,,,,743,7,2016-02-03 19:08:23.628344+00:00,,,,,,21,0,,,,,
,,,,,,,744,7,2016-02-03 19:08:23.705875+00:00,,,,,,22,0,,,,,
,,,,,,,745,7,2016-02-03 19:08:23.783798+00:00,,,,,,23,0,,,,,
,,,,,,,746,7,2016-02-03 19:08:23.860920+00:00,,,,,,24,0,,,,,
,,,,,,,747,7,2016-02-03 19:08:23.938189+00:00,,,,,,25,0,,,,,
,,,,,,,748,7,2016-02-03 19:08:24.015551+00:00,,,,,,26,0,,,,,
,,,,,,,749,7,2016-02-03 19:08:24.093031+00:00,,,,,,27,0,,,,,
,,,,,,,750,7,2016-02-03 19:08:24.170541+00:00,,,,,,28,0,,,,,
,,,,,,,751,7,2016-02-03 19:08:24.247589+00:00,,,,,,29,0,,,,,
,,,,,,,752,7,2016-02-03 19:08:24.324667+00:00,,,,,,30,0,,,,,
,,,,,,,753,7,2016-02-03 19:08:24.402811+00:00,,,,,,31,0,,,,,
,,,,,,,754,7,2016-02-03 19:08:24.480342+00:00,,,,,,32,0,,,,,
,,,,,,,755,7,2016-02-03 19:08:24.557333+00:00,,,,,,33,0,,,,,
,,,,,,,756,7,2016-02-03 19:08:24.634703+00:00,,,,,,34,0,,,,,
,,,,,,,757,7,2016-02-03 19:08:24.712049+00:00,,,,,,35,0,,,,,
,,,,,,,758,7,2016-02-03 19:08:24.789217+00:00,,,,,,36,0,,,,,
,,,,,,,759,7,2016-02-03 19:08:24.866644+00:00,,,,,,37,0,,,,,
,,,,,,,760,7,2016-02-03 19:08:24.943878+00:00,,,,,,38,0,,,,,
,,,,,,,761,7,2016-02-03 19:08:25.021375+00:00,,,,,,39,0,,,,,
,,,,,,,762,7,2016-02-03 19:08:25.098740+00:00,,,,,,40,0,,,,,
,,,,,,,763,7,2016-02-03 19:08:25.175892+00:00,,,,,,41,0,,,,,
,,,,,,,764,7,2016-02-03 19:08:25.253213+00:00,,,,,,42,0,,,,,
,,,,,,,765,7,2016-02-03 19:08:25.331156+00:00,,,,,,43,0,,,,,
,,,,,,,766,7,2016-02-03 19:08:25.408488+00:00,,,,,,44,0,,,,,
,,,,,,,767,7,2016-02-03 19:08:25.486897+00:00,,,,,,45,0,,,,,
,,,,,,,768,7,2016-02-03 19:08:25.564511+00:00,,,,,,46,0,,,,,
,,,,,,,769,7,2016-02-03 19:08:25.641415+00:00,,,,,,47,0,,,,,
,,,,,,,770,7,2016-02-03 19:08:25.718859+00:00,,,,,,48,0,,,,,
,,,,,,,771,7,2016-02-03 19:08:25.796310+00:00,,,,,,49,0,,,,,
,,,,,,,772,7,2016-02-03 19:08:25.873649+00:00,,,,,,50,0,,,,,
,,,,,,,773,7,2016-02-03 19:08:25.951402+00:00,,,,,,51,0,,,,,
,,,,,,,774,7,2016-02-03 19:08:26.028412+00:00,,,,,,52,0,,,,,
,,,,,,,775,7,2016-02-03 19:08:26.105536+00:00,,,,,,53,0,,,,,
,,,,,,,776,7,2016-02-03 19:08:26.182901+00:00,,,,,,54,0,,,,,
,,,,,,,777,7,2016-02-03 19:08:26.259907+00:00,,,,,,55,0,,,,,
,,,,,,,778,7,2016-02-03 19:08:26.336929+00:00,,,,,,56,0,,,,,
,,,,,,,779,7,2016-02-03 19:08:26.414318+00:00,,,,,,57,0,,,,,
,,,,,,,780,7,2016-02-03 19:08:26.491969+00:00,,,,,,58,0,,,,,
,,,,,,,781,7,2016-02-03 19:08:26.569526+00:00,,,,,,59,0,,,,,
,,,,,,,782,7,2016-02-03 19:08:26.646534+00:00,,,,,,60,0,,,,,
,,,,,,,783,7,2016-02-03 19:08:26.724059+00:00,,,,,,61,0,,,,,
,,,,,,,784,7,2016-02-03 19:08:26.801458+00:00,,,,,,62,0,,,,,
,,,,,,,785,7,2016-02-03 19:08:26.878504+00:00,,,,,,63,0,,,,,
,,,,,,,786,7,2016-02-03 19:08:26.956223+00:00,,,,,,64,0,,,,,
,,,,,,,787,7,2016-02-03 19:08:27.033145+00:00,,,,,,65,0,,,,,
,,,,,,,788,7,2016-02-03 19:08:27.110334+00:00,,,,,,66,0,,,,,
,,,,,,,789,7,2016-02-03 19:08:27.187504+00:00,,,,,,67,0,,,,,
,,,,,,,790,7,2016-02-03 19:08:27.264602+00:00,,,,,,68,0,,,,,
,,,,,,,791,7,2016-02-03 19:08:27.343078+00:00,,,,,,69,0,,,,,
,,,,,,,792,7,2016-02-03 19:08:27.421023+00:00,,,,,,70,0,,,,,
,,,,,,,793,7,2016-02-03 19:08:27.498968+00:00,,,,,,71,0,,,,,
,,,,,,,794,7,2016-02-03 19:08:27.576112+00:00,,,,,,72,0,,,,,
,,,,,,,795,7,2016-02-03 19:08:27.655717+00:00,,,,,,73,0,,,,,
,,,,,,,796,7,2016-02-03 19:08:27.733161+00:00,,,,,,74,0,,,,,
,,,,,,,797,7,2016-02-03 19:08:27.812086+00:00,,,,,,75,0,,,,,
,,,,,,,798,7,2016-02-03 19:08:27.890397+00:00,,,,,,76,0,,,,,
,,,,,,,799,7,2016-02-03 19:08:27.968640+00:00,,,,,,77,0,,,,,
,,,,,,,800,7,2016-02-03 19:08:28.046233+00:00,,,,,,78,0,,,,,
,,,,,,,801,7,2016-02-03 19:08:28.123919+00:00,,,,,,79,0,,,,,
,,,,,,,802,7,2016-02-03 19:08:28.201711+00:00,,,,,,80,0,,,,,
,,,,,,,803,7,2016-02-03 19:08:28.279126+00:00,,,,,,81,0,,,,,
,,,,,,,804,7,2016-02-03 19:08:28.356320+00:00,,,,,,82,0,,,,,
,,,,,,,805,7,2016-02-03 19:08:28.434156+00:00,,,,,,83,0,,,,,
,,,,,,,806,7,2016-02-03 19:08:28.511422+00:00,,,,,,84,0,,,,,
,,,,,,,807,7,2016-02-03 19:08:28.588708+00:00,,,,,,85,0,,,,,
,,,,,,,808,7,2016-02-03 19:08:28.666320+00:00,,,,,,86,0,,,,,
,,,,,,,809,7,2016-02-03 19:08:28.744118+00:00,,,,,,87,0,,,,,
,,,,,,,810,7,2016-02-03 19:08:28.822024+00:00,,,,,,88,0,,,,,
,,,,,,,811,7,2016-02-03 19:08:28.899312+00:00,,,,,,89,0,,,,,
,,,,,,,812,7,2016-02-03 19:08:28.976245+00:00,,,,,,90,0,,,,,
,,,,,,,813,7,2016-02-03 19:08:29.054386+00:00,,,,,,91,0,,,,,
,,,,,,,814,7,2016-02-03 19:08:29.131552+00:00,,,,,,92,0,,,,,
,,,,,,,815,7,2016-02-03 19:08:29.209273+00:00,,,,,,93,0,,,,,
,,,,,,,816,7,2016-02-03 19:08:29.286279+00:00,,,,,,94,0,,,,,
,,,,,,,817,7,2016-02-03 19:08:29.363830+00:00,,,,,,95,0,,,,,
,,,,,,,818,7,2016-02-03 19:08:29.441212+00:00,,,,,,96,0,,,,,
,,,,,,,819,7,2016-02-03 19:08:29.518716+00:00,,,,,,97,0,,,,,
,,,,,,,820,7,2016-02-03 19:08:29.596605+00:00,,,,,,98,0,,,,,
,,,,,,,821,7,2016-02-03 19:08:29.673955+00:00,,,,,,99,0,,,,,
,,,,,,,822,7,2016-02-03 19:08:29.751462+00:00,,,,,,100,0,,,,,
,,,,,,,823,7,2016-02-03 19:08:29.828775+00:00,,,,,,101,0,,,,,
,,,,,,,824,7,2016-02-03 19:08:29.906417+00:00,,,,,,102,0,,,,,
,,,,,,,825,7,2016-02-03 19:08:29.983729+00:00,,,,,,103,0,,,,,
,,,,,,,826,7,2016-02-03 19:08:30.064687+00:00,,,,,,104,0,,,,,
,,,,,,,827,7,2016-02-03 19:08:30.142465+00:00,,,,,,105,0,,,,,
,,,,,,,828,7,2016-02-03 19:08:30.220359+00:00,,,,,,106,0,,,,,
,,,,,,,829,7,2016-02-03 19:08:30.297798+00:00,,,,,,107,0,,,,,
,,,,,,,830,7,2016-02-03 19:08:30.375406+00:00,,,,,,108,0,,,,,
,,,,,,,831,7,2016-02-03 19:08:30.452393+00:00,,,,,,109,0,,,,,
,,,,,,,832,7,2016-02-03 19:08:30.531962+00:00,,,,,,110,0,,,,,
,,,,,,,833,7,2016-02-03 19:08:30.609420+00:00,,,,,,111,0,,,,,
,,,,,,,834,7,2016-02-03 19:08:30.686823+00:00,,,,,,112,0,,,,,
,,,,,,,835,7,2016-02-03 19:08:30.764172+00:00,,,,,,113,0,,,,,
,,,,,,,836,7,2016-02-03 19:08:30.841308+00:00,,,,,,114,0,,,,,
,,,,,,,837,7,2016-02-03 19:08:30.918562+00:00,,,,,,115,0,,,,,
,,,,,,,838,7,2016-02-03 19:08:30.995732+00:00,,,,,,116,0,,,,,
,,,,,,,839,7,2016-02-03 19:08:31.073047+00:00,,,,,,117,0,,,,,
,,,,,,,840,7,2016-02-03 19:08:31.150017+00:00,,,,,,118,0,,,,,
,,,,,,,841,7,2016-02-03 19:08:31.227574+00:00,,,,,,119,0,,,,,
,,,,,,,842,7,2016-02-03 19:08:31.304772+00:00,,,,,,120,0,,,,,
,,,,,,,843,8,2016-02-04 17:17:10.321000+00:00,,,,,,1,0,,,,,
,,,,,,,844,8,2016-02-04 17:17:10.401603+00:00,,,,,,2,0,,,,,
,,,,,,,845,8,2016-02-04 17:17:10.482721+00:00,,,,,,3,0,,,,,
,,,,,,,846,8,2016-02-04 17:17:10.560256+00:00,,,,,,4,0,,,,,
,,,,,,,847,8,2016-02-04 17:17:10.637870+00:00,,,,,,5,0,,,,,
,,,,,,,848,8,2016-02-04 17:17:10.715524+00:00,,,,,,6,0,,,,,
,,,,,,,849,8,2016-02-04 17:17:10.793357+00:00,,,,,,7,0,,,,,
,,,,,,,850,8,2016-02-04 17:17:10.870415+00:00,,,,,,8,0,,,,,
,,,,,,,851,8,2016-02-04 17:17:10.948207+00:00,,,,,,9,0,,,,,
,,,,,,,852,8,2016-02-04 17:17:11.025243+00:00,,,,,,10,0,,,,,
,,,,,,,853,8,2016-02-04 17:17:11.103099+00:00,,,,,,11,0,,,,,
,,,,,,,854,8,2016-02-04 17:17:11.180032+00:00,,,,,,12,0,,,,,
,,,,,,,855,8,2016-02-04 17:17:11.257844+00:00,,,,,,13,0,,,,,
,,,,,,,856,8,2016-02-04 17:17:11.335293+00:00,,,,,,14,0,,,,,
,,,,,,,857,8,2016-02-04 17:17:11.412383+00:00,,,,,,15,0,,,,,
,,,,,,,858,8,2016-02-04 17:17:11.490137+00:00,,,,,,16,0,,,,,
,,,,,,,859,8,2016-02-04 17:17:11.567118+00:00,,,,,,17,0,,,,,
,,,,,,,860,8,2016-02-04 17:17:11.644495+00:00,,,,,,18,0,,,,,
,,,,,,,861,8,2016-02-04 17:17:11.723712+00:00,,,,,,19,0,,,,,
,,,,,,,862,8,2016-02-04 17:17:11.801398+00:00,,,,,,20,0,,,,,
,,,,,,,863,8,2016-02-04 17:17:11.879110+00:00,,,,,,21,0,,,,,
,,,,,,,864,8,2016-02-04 17:17:11.956743+00:00,,,,,,22,0,,,,,
,,,,,,,865,8,2016-02-04 17:17:12.034028+00:00,,,,,,23,0,,,,,
,,,,,,,866,8,2016-02-04 17:17:12.111501+00:00,,,,,,24,0,,,,,
,,,,,,,867,8,2016-02-04 17:17:12.188563+00:00,,,,,,25,0,,,,,
,,,,,,,868,8,2016-02-04 17:17:12.265757+00:00,,,,,,26,0,,,,,
,,,,,,,869,8,2016-02-04 17:17:12.342612+00:00,,,,,,27,0,,,,,
,,,,,,,870,8,2016-02-04 17:17:12.419894+00:00,,,,,,28,0,,,,,
,,,,,,,871,8,2016-02-04 17:17:12.497283+00:00,,,,,,29,0,,,,,
,,,,,,,872,8,2016-02-04 17:17:12.574612+00:00,,,,,,30,0,,,,,
,,,,,,,873,8,2016-02-04 17:17:12.652575+00:00,,,,,,31,0,,,,,
,,,,,,,874,8,2016-02-04 17:17:12.730564+00:00,,,,,,32,0,,,,,
,,,,,,,875,8,2016-02-04 17:17:12.807707+00:00,,,,,,33,0,,,,,
,,,,,,,876,8,2016-02-04 17:17:12.884485+00:00,,,,,,34,0,,,,,
,,,,,,,877,8,2016-02-04 17:17:12.961713+00:00,,,,,,35,0,,,,,
,,,,,,,878,8,2016-02-04 17:17:13.039440+00:00,,,,,,36,0,,,,,
,,,,,,,879,8,2016-02-04 17:17:13.116703+00:00,,,,,,37,0,,,,,
,,,,,,,880,8,2016-02-04 17:17:13.194419+00:00,,,,,,38,0,,,,,
,,,,,,,881,8,2016-02-04 17:17:13.271534+00:00,,,,,,39,0,,,,,
,,,,,,,882,8,2016-02-04 17:17:13.349384+00:00,,,,,,40,0,,,,,
,,,,,,,883,8,2016-02-04 17:17:13.426647+00:00,,,,,,41,0,,,,,
,,,,,,,884,8,2016-02-04 17:17:13.504153+00:00,,,,,,42,0,,,,,
,,,,,,,885,8,2016-02-04 17:17:14.028650+00:00,,,,,,43,0,,,,,
,,,,,,,886,8,2016-02-04 17:17:14.105837+00:00,,,,,,44,0,,,,,
,,,,,,,887,8,2016-02-04 17:17:14.183282+00:00,,,,,,45,0,,,,,
,,,,,,,888,8,2016-02-04 17:17:14.261156+00:00,,,,,,46,0,,,,,
,,,,,,,889,8,2016-02-04 17:17:14.338194+00:00,,,,,,47,0,,,,,
,,,,,,,890,8,2016-02-04 17:17:14.415937+00:00,,,,,,48,0,,,,,
,,,,,,,891,8,2016-02-04 17:17:14.493061+00:00,,,,,,49,0,,,,,
,,,,,,,892,8,2016-02-04 17:17:14.571046+00:00,,,,,,50,0,,,,,
,,,,,,,893,8,2016-02-04 17:17:14.648793+00:00,,,,,,51,0,,,,,
,,,,,,,894,8,2016-02-04 17:17:14.726115+00:00,,,,,,52,0,,,,,
,,,,,,,895,8,2016-02-04 17:17:14.803062+00:00,,,,,,53,0,,,,,
,,,,,,,896,8,2016-02-04 17:17:14.880123+00:00,,,,,,54,0,,,,,
,,,,,,,897,8,2016-02-04 17:17:14.957308+00:00,,,,,,55,0,,,,,
,,,,,,,898,8,2016-02-04 17:17:15.034794+00:00,,,,,,56,0,,,,,
,,,,,,,899,8,2016-02-04 17:17:15.111880+00:00,,,,,,57,0,,,,,
,,,,,,,900,8,2016-02-04 17:17:15.189388+00:00,,,,,,58,0,,,,,
,,,,,,,901,8,2016-02-04 17:17:15.266609+00:00,,,,,,59,0,,,,,
,,,,,,,902,8,2016-02-04 17:17:15.344393+00:00,,,,,,60,0,,,,,
,,,,,,,903,8,2016-02-04 17:17:15.421806+00:00,,,,,,61,0,,,,,
,,,,,,,904,8,2016-02-04 17:17:15.498656+00:00,,,,,,62,0,,,,,
,,,,,,,905,8,2016-02-04 17:17:15.576252+00:00,,,,,,63,0,,,,,
,,,,,,,906,8,2016-02-04 17:17:15.653493+00:00,,,,,,64,0,,,,,
,,,,,,,907,8,2016-02-04 17:17:15.732755+00:00,,,,,,65,0,,,,,
,,,,,,,908,8,2016-02-04 17:17:15.810175+00:00,,,,,,66,0,,,,,
,,,,,,,909,8,2016-02-04 17:17:15.887397+00:00,,,,,,67,0,,,,,
,,,,,,,910,8,2016-02-04 17:17:15.965017+00:00,,,,,,68,0,,,,,
,,,,,,,911,8,2016-02-04 17:17:16.043222+00:00,,,,,,69,0,,,,,
,,,,,,,912,8,2016-02-04 17:17:16.121000+00:00,,,,,,70,0,,,,,
,,,,,,,913,8,2016-02-04 17:17:16.199477+00:00,,,,,,71,0,,,,,
,,,,,,,914,8,2016-02-04 17:17:16.277002+00:00,,,,,,72,0,,,,,
,,,,,,,915,8,2016-02-04 17:17:16.354920+00:00,,,,,,73,0,,,,,
,,,,,,,916,8,2016-02-04 17:17:16.433155+00:00,,,,,,74,0,,,,,
,,,,,,,917,8,2016-02-04 17:17:16.511121+00:00,,,,,,75,0,,,,,
,,,,,,,918,8,2016-02-04 17:17:16.589106+00:00,,,,,,76,0,,,,,
,,,,,,,919,8,2016-02-04 17:17:16.666294+00:00,,,,,,77,0,,,,,
,,,,,,,920,8,2016-02-04 17:17:16.743814+00:00,,,,,,78,0,,,,,
,,,,,,,921,8,2016-02-04 17:17:16.821200+00:00,,,,,,79,0,,,,,
,,,,,,,922,8,2016-02-04 17:17:16.898349+00:00,,,,,,80,0,,,,,
,,,,,,,923,8,2016-02-04 17:17:16.975593+00:00,,,,,,81,0,,,,,
,,,,,,,924,8,2016-02-04 17:17:17.053227+00:00,,,,,,82,0,,,,,
,,,,,,,925,8,2016-02-04 17:17:17.130852+00:00,,,,,,83,0,,,,,
,,,,,,,926,8,2016-02-04 17:17:17.208036+00:00,,,,,,84,0,,,,,
,,,,,,,927,8,2016-02-04 17:17:17.285174+00:00,,,,,,85,0,,,,,
,,,,,,,928,8,2016-02-04 17:17:17.362901+00:00,,,,,,86,0,,,,,
,,,,,,,929,8,2016-02-04 17:17:17.440087+00:00,,,,,,87,0,,,,,
,,,,,,,930,8,2016-02-04 17:17:17.517085+00:00,,,,,,88,0,,,,,
,,,,,,,931,8,2016-02-04 17:17:17.597582+00:00,,,,,,89,0,,,,,
,,,,,,,932,8,2016-02-04 17:17:17.674660+00:00,,,,,,90,0,,,,,
,,,,,,,933,8,2016-02-04 17:17:17.751884+00:00,,,,,,91,0,,,,,
,,,,,,,934,8,2016-02-04 17:17:17.829227+00:00,,,,,,92,0,,,,,
,,,,,,,935,8,2016-02-04 17:17:17.908090+00:00,,,,,,93,0,,,,,
,,,,,,,936,8,2016-02-04 17:17:17.985527+00:00,,,,,,94,0,,,,,
,,,,,,,937,8,2016-02-04 17:17:18.064368+00:00,,,,,,95,0,,,,,
,,,,,,,938,8,2016-02-04 17:17:18.141348+00:00,,,,,,96,0,,,,,
,,,,,,,939,8,2016-02-04 17:17:18.218669+00:00,,,,,,97,0,,,,,
,,,,,,,940,8,2016-02-04 17:17:18.295738+00:00,,,,,,98,0,,,,,
,,,,,,,941,8,2016-02-04 17:17:18.372795+00:00,,,,,,99,0,,,,,
,,,,,,,942,8,2016-02-04 17:17:18.450471+00:00,,,,,,100,0,,,,,
,,,,,,,943,8,2016-02-04 17:17:18.528042+00:00,,,,,,101,0,,,,,
,,,,,,,944,8,2016-02-04 17:17:18.605142+00:00,,,,,,102,0,,,,,
,,,,,,,945,8,2016-02-04 17:17:18.683299+00:00,,,,,,103,0,,,,,
,,,,,,,946,8,2016-02-04 17:17:18.760858+00:00,,,,,,104,0,,,,,
,,,,,,,947,8,2016-02-04 17:17:18.838451+00:00,,,,,,105,0,,,,,
,,,,,,,948,8,2016-02-04 17:17:18.916432+00:00,,,,,,106,0,,,,,
,,,,,,,949,8,2016-02-04 17:17:18.994209+00:00,,,,,,107,0,,,,,
,,,,,,,950,8,2016-02-04 17:17:19.071791+00:00,,,,,,108,0,,,,,
,,,,,,,951,8,2016-02-04 17:17:19.150134+00:00,,,,,,109,0,,,,,
,,,,,,,952,8,2016-02-04 17:17:19.227735+00:00,,,,,,110,0,,,,,
,,,,,,,953,8,2016-02-04 17:17:19.304861+00:00,,,,,,111,0,,,,,
,,,,,,,954,8,2016-02-04 17:17:19.382116+00:00,,,,,,112,0,,,,,
,,,,,,,955,8,2016-02-04 17:17:19.462825+00:00,,,,,,113,0,,,,,
,,,,,,,956,8,2016-02-04 17:17:19.539943+00:00,,,,,,114,0,,,,,
,,,,,,,957,8,2016-02-04 17:17:19.617870+00:00,,,,,,115,0,,,,,
,,,,,,,958,8,2016-02-04 17:17:19.695362+00:00,,,,,,116,0,,,,,
,,,,,,,959,8,2016-02-04 17:17:19.772774+00:00,,,,,,117,0,,,,,
,,,,,,,960,8,2016-02-04 17:17:19.850284+00:00,,,,,,118,0,,,,,
,,,,,,,961,8,2016-02-04 17:17:19.928039+00:00,,,,,,119,0,,,,,
,,,,,,,962,8,2016-02-04 17:17:20.005291+00:00,,,,,,120,0,,,,,
4,0,0,7,3,0,2015,123,4,2016-02-03 18:00:05.097502+00:00,5,4,"Chicago, IL",1,4,1,1,2016-02-04 18:11:45.970759+00:00,0,0,3198 W Warren Blvd,0
3,0,0,5,4,0,2011,125,4,2016-02-03 18:00:05.254425+00:00,4,3,Chicago,1,4,3,1,2016-02-04 18:20:55.677135+00:00,0,0,3198 W Warren Blvd,0
3,0,0,7,2,0,2014,124,4,2016-02-03 18:00:05.176747+00:00,4,4,Chicago,1,5,2,1,2016-02-04 18:23:35.712368+00:00,0,0,3198 W Warren Blvd,0
4,0,0,7,2,0,2015,127,4,2016-02-03 18:00:05.411465+00:00,5,3,Chicago,1,5,5,1,2016-02-04 18:29:09.813615+00:00,0,0,3201 W Madison St,0
4,0,0,7,2,0,2014,128,4,2016-02-03 18:00:05.489453+00:00,4,5,Chicago,1,5,6,1,2016-02-04 18:31:23.170520+00:00,0,0,3201 W Madison,0
4,0,0,4,2,0,2009,130,4,2016-02-03 18:00:05.648767+00:00,5,4,Chicago,1,5,8,1,2016-02-04 18:34:17.161698+00:00,0,0,3203 W Madison St,0
4,0,0,5,1,0,2008,131,4,2016-02-03 18:00:05.727044+00:00,2,3,Chicago,1,4,9,1,2016-02-04 18:44:57.930686+00:00,0,0,3201 W Madison St,0
2,0,0,7,2,0,2015,133,4,2016-02-03 18:00:05.885853+00:00,5,4,Chicago,1,2,11,1,2016-02-04 18:48:29.732595+00:00,0,0,201 S Kedzie Ave,0
2,0,0,6,1,0,2011,135,4,2016-02-03 18:00:06.042050+00:00,5,4,Chicago,1,4,13,1,2016-02-04 18:59:24.457535+00:00,0,0,201 S Kedzie Ave,0
2,0,0,4,2,0,2009,136,4,2016-02-03 18:00:06.119953+00:00,5,3,Chicago,1,3,14,1,2016-02-04 19:09:15.445594+00:00,0,0,201 S Kedzie Ave,0
4,0,0,3,2,0,2009,137,4,2016-02-03 18:00:06.197470+00:00,5,3,Chicago,1,4,15,1,2016-02-04 20:13:40.939114+00:00,0,0,201 S Kedzie Ave,0
2,0,0,5,2,0,2008,138,4,2016-02-03 18:00:06.275438+00:00,2,3,Chicago,1,4,16,1,2016-02-04 20:16:05.515181+00:00,0,0,201 S Kedzie Ave,0
2,0,0,8,2,0,2007,139,4,2016-02-03 18:00:06.353037+00:00,2,2,Chicago,1,4,17,1,2016-02-04 20:17:38.749725+00:00,0,0,201 S Kedzie Ave,0
3,0,0,7,3,0,2015,140,4,2016-02-03 18:00:06.430815+00:00,5,3,Chicago,1,3,18,1,2016-02-04 20:21:28.295465+00:00,0,0,301 S Kedzie Ave,0
3,0,0,12,2,0,2014,141,4,2016-02-03 18:00:06.509252+00:00,5,3,Chicago,1,2,19,1,2016-02-04 20:24:48.203357+00:00,0,0,301 S Kedzie Ave,0
3,0,0,10,2,0,2011,143,4,2016-02-03 18:00:06.664983+00:00,5,3,Chicago,1,4,21,1,2016-02-04 20:29:56.589194+00:00,0,0,301 S Kedzie Ave,0
4,0,0,4,1,0,2009,145,4,2016-02-03 18:00:06.820567+00:00,5,3,Chicago,1,4,23,1,2016-02-04 20:33:28.569439+00:00,0,0,301 S Kedzie Ave,0
3,0,0,3,1,0,2009,146,4,2016-02-03 18:00:06.898341+00:00,5,2,Chicago,1,4,24,1,2016-02-04 20:35:01.885799+00:00,0,0,301 S Kedzie Ave,0
3,0,0,8,2,0,2007,148,4,2016-02-03 18:00:07.053983+00:00,2,6,Chicago,1,4,26,1,2016-02-04 20:39:36.942334+00:00,0,0,301 S Kedzie Ave,0
3,0,0,7,2,0,2015,149,4,2016-02-03 18:00:07.131736+00:00,5,4,Chicago,1,4,27,1,2016-02-04 20:45:58.333366+00:00,0,0,400 S Kedzie Ave,0
3,0,0,12,3,0,2014,150,4,2016-02-03 18:00:07.209091+00:00,5,2,Chicago,1,3,28,1,2016-02-04 20:48:20.414118+00:00,0,0,404 S Kedzie Ave,0
3,0,0,6,1,0,2011,153,4,2016-02-03 18:00:07.442655+00:00,5,3,Chicago,1,4,31,1,2016-02-04 20:56:30.147218+00:00,0,0,400 S Kedzie Ave,0
3,0,0,4,1,0,2009,154,4,2016-02-03 18:00:07.520442+00:00,5,3,Chicago,1,4,32,1,2016-02-04 20:59:05.413576+00:00,0,0,400  S Kedzie Ave,0
2,0,0,7,2,0,2015,156,4,2016-02-03 18:00:07.675245+00:00,5,6,Chicago,1,3,34,1,2016-02-04 21:30:50.732043+00:00,0,0,700 S Kedzie Ave,0
2,0,0,6,1,0,2011,158,4,2016-02-03 18:00:07.834664+00:00,5,6,Chicago,1,4,36,1,2016-02-04 21:34:34.776022+00:00,0,0,3194 W Flournoy St,0
2,0,0,8,2,0,2007,159,4,2016-02-03 18:00:07.912431+00:00,2,6,Chicago,1,4,37,1,2016-02-04 21:37:18.546463+00:00,0,0,3194 W Flournoy St,0
3,0,0,7,2,0,2015,161,4,2016-02-03 18:00:08.070291+00:00,5,4,Chicago,1,3,39,1,2016-02-04 21:41:39.030500+00:00,0,0,801 S Kedzie Ave,0
4,0,0,8,2,0,2012,162,4,2016-02-03 18:00:08.151577+00:00,5,4,Chicago,1,3,40,1,2016-02-04 21:43:28.722995+00:00,0,0,801 S Kedzie Ave,0
3,0,0,6,2,0,2011,163,4,2016-02-03 18:00:08.230485+00:00,5,3,Chicago,1,3,41,1,2016-02-04 21:45:32.346860+00:00,0,1,801 S Kedzie Ave,0
3,0,0,8,3,1,2007,166,4,2016-02-03 18:00:08.466845+00:00,5,6,Chicago,0,3,44,1,2016-02-04 22:04:40.026753+00:00,0,0,801 S Kedzie Ave,0
3,0,0,7,1,0,2015,167,4,2016-02-03 18:00:08.544728+00:00,5,4,Chicago,1,3,45,1,2016-02-04 22:05:47.577632+00:00,0,0,901 S Kedzie Ave,0
4,0,0,9,4,0,2012,169,4,2016-02-03 18:00:08.700331+00:00,5,6,Chicago,1,3,47,1,2016-02-04 22:08:07.579656+00:00,0,0,901 S Kedzie Ave,0
4,0,0,6,2,0,2011,170,4,2016-02-03 18:00:08.777929+00:00,5,6,Chicago,1,3,48,1,2016-02-04 22:11:58.356671+00:00,0,0,901 S Kedzie Ave,0
3,0,0,3,1,0,2009,172,4,2016-02-03 18:00:08.933424+00:00,5,3,Chicago,1,4,50,1,2016-02-04 22:18:08.538669+00:00,0,0,901 S Kedzie Ave,0
3,0,0,7,1,0,2015,174,4,2016-02-03 18:00:09.088745+00:00,5,6,Chicago,1,4,52,1,2016-02-04 22:21:44.743255+00:00,0,0,1190 S Kedzie,0
3,0,0,7,1,1,2014,175,4,2016-02-03 18:00:09.166576+00:00,5,3,Chicago,1,3,53,1,2016-02-04 22:23:17.225419+00:00,0,0,1190 S Kedzie Ave,0
3,0,0,9,1,0,2012,176,4,2016-02-03 18:00:09.244596+00:00,5,3,Chicago,1,3,54,1,2016-02-04 22:25:28.748618+00:00,0,0,1190 S Kedzie Ave,0
3,0,0,4,1,0,2009,178,4,2016-02-03 18:00:09.400141+00:00,5,4,Chicago,1,4,56,1,2016-02-04 22:26:41.205932+00:00,0,0,1190 S Kedzie Ave,0
3,0,0,9,1,0,2007,180,4,2016-02-03 18:00:09.555985+00:00,5,4,Chicago,1,4,58,1,2016-02-04 22:29:23.141395+00:00,0,0,1190 S Kedzie Ave,0
2,0,0,7,3,0,2015,181,4,2016-02-03 18:00:09.633823+00:00,5,4,Chicago,1,4,59,1,2016-02-04 22:30:52.839826+00:00,1,0,1287 S Kedzie Ave,0
3,0,0,7,3,1,2015,963,9,2016-02-05 19:31:32.557551+00:00,4,2,"Chicago, IL",1,2,1,1,2016-02-05 21:51:34.170687+00:00,1,0,3198 W Warren Blvd,0
2,1,1,2,1,1,2001,4,1,2016-02-02 20:34:31.838622+00:00,1,3,Chicago IL,0,2,2,1,2016-02-03 19:00:44.443359+00:00,1,1,3128 W Warrebn Blvd,0
