timestamp,token,user_id,id,value
2016-02-03 17:23:10.743775+00:00,67e1679b-032e-0e45-0086-e1812b92e2c6,1,419,54
2016-02-03 17:24:22.190864+00:00,db17b3e0-c686-2310-a77e-75c9c072fd63,1,420,61
2016-02-03 17:24:32.405053+00:00,f01bb2a3-9618-3f75-6b91-efc3756137a4,1,421,0
2016-02-03 17:24:57.005828+00:00,3ea3a63c-e703-4305-69b4-b5c8e90469ba,1,422,3
2016-02-03 17:26:03.699132+00:00,c52c05c0-2ebf-51a7-cc9e-365a2ef7c716,1,423,55
2016-02-03 17:26:24.892759+00:00,eae6e7ff-aa31-c6e1-2980-0bb71e0d7acf,1,424,21
2016-02-03 19:00:10.487523+00:00,76369b6d-b75b-d5dc-3ef9-5fd4366bbe57,1,425,52
2016-02-03 19:00:44.276578+00:00,a0a82d8a-797f-fb19-dc2a-5b202452204e,1,426,26
2016-02-03 19:04:11.084506+00:00,b6c7345e-66ad-7abe-cde3-ab4e28286051,4,427,41
2016-02-04 18:11:45.901907+00:00,90450bd9-94ef-5bf4-63d1-231a4ca24344,4,428,257
2016-02-04 18:11:52.146011+00:00,89e8de3c-0bb8-9634-c591-b3a0251a3e97,4,429,2
2016-02-04 18:12:33.773931+00:00,4825548f-834b-037d-d1d5-687bc0945456,4,430,33
2016-02-04 18:19:44.222474+00:00,e3f3806d-3b8c-017d-e218-b6b81143ef0f,4,431,76
2016-02-04 18:20:55.638120+00:00,a79a63f7-ac3e-1224-d2db-8117fbe4b77b,4,432,66
2016-02-04 18:23:35.693065+00:00,9a3087f1-79f9-a464-1c86-12ce705dbb22,4,433,102
2016-02-04 18:25:29.988072+00:00,078c967e-2037-0b09-3cbb-3d63833faff5,4,434,109
2016-02-04 18:27:05.050295+00:00,44f5c90b-77b2-51cb-c828-07b0a4b12c2b,4,435,94
2016-02-04 18:29:09.794689+00:00,6fa3b0a6-6a0a-7ce5-6592-b318a041d333,4,436,120
2016-02-04 18:30:28.074473+00:00,48317575-8a22-c6ec-2768-956a3a6351a5,4,437,74
2016-02-04 18:31:23.150856+00:00,cb231005-7809-0e46-671a-6d19d31b359d,4,438,53
2016-02-04 18:33:10.569372+00:00,75fe4aa4-0aee-dacd-1517-9614fa655eaf,4,439,104
2016-02-04 18:34:17.137866+00:00,0252a0ef-8155-fccc-8b3c-8154b066d368,4,440,62
2016-02-04 18:35:59.695353+00:00,9899a997-52dd-379e-30b0-1aed6d3b18c2,4,441,98
2016-02-04 18:36:27.404004+00:00,6104d709-f68e-002c-5ebd-6342cc6c79b6,4,442,25
2016-02-04 18:37:07.999445+00:00,9ba81761-bc81-4bdc-f464-6fd6d530d964,4,443,39
2016-02-04 18:44:28.053613+00:00,33cd806b-7e3a-3c40-863a-997fd37fc4cc,4,444,43
2016-02-04 18:44:57.911975+00:00,1cb4b870-e805-42e3-0f5f-a73974b8a511,4,445,29
2016-02-04 18:46:52.445063+00:00,0106313d-d67e-abaf-da34-29934b3206ec,4,446,110
2016-02-04 18:48:29.715032+00:00,5d7567f4-7c8e-759d-99ba-0a47fecd8ce9,4,447,84
2016-02-04 18:54:04.631562+00:00,8981655e-6838-33f3-e116-c9bee1908360,4,448,71
2016-02-04 18:55:10.294382+00:00,cfd053cd-4942-9d6a-b3b3-5438b1805c2b,4,449,30
2016-02-04 18:56:17.113538+00:00,aa00386e-8209-6564-0cbe-8989925f04a8,4,450,64
2016-02-04 18:56:21.633197+00:00,4e432d5f-8e5a-d327-8beb-9b116dcc2051,4,451,0
2016-02-04 18:58:30.310881+00:00,0425fbc0-ada3-734c-826d-f88ec4e57cc7,4,452,125
2016-02-04 18:59:24.437847+00:00,474b4f85-9cc3-c3aa-ba2c-3cbcb40068b5,4,453,50
2016-02-04 19:07:11.198159+00:00,2408c72d-ed3f-61dd-bc3b-1e4659dd134a,4,454,31
2016-02-04 19:07:18.753651+00:00,33725874-c7ff-c1e7-b247-39daa8b8defa,4,455,0
2016-02-04 19:07:21.252822+00:00,fcd09287-258f-65c2-cfb1-c00c064b6b10,4,456,0
2016-02-04 19:08:10.876517+00:00,c542d78c-1c6c-f9b5-d197-9d9467414f48,4,457,41
2016-02-04 19:09:15.414700+00:00,e317007b-1554-223a-96ca-1036e4b06815,4,458,62
2016-02-04 19:11:04.563021+00:00,e1658c89-16e0-3aea-52d7-72979dace76e,4,459,97
2016-02-04 20:12:41.894451+00:00,663c8c12-37dc-4f11-aeac-2ba8e23e36a6,4,460,44
2016-02-04 20:13:40.914348+00:00,327d2572-50e0-0a8d-2cd6-cadb186f1181,4,461,57
2016-02-04 20:15:22.322328+00:00,dd677de6-39bd-9fd9-1520-ffbac3bb82b4,4,462,95
2016-02-04 20:15:24.726829+00:00,b8b0bbf7-80f1-8144-46b1-e99ea9568739,4,463,0
2016-02-04 20:15:27.318917+00:00,d8237494-cb0e-3416-9d51-cd229be345f9,4,464,0
2016-02-04 20:15:28.778396+00:00,4f9a6283-3c30-17ba-1e7b-c161a610f013,4,465,0
2016-02-04 20:16:05.490667+00:00,aa44d932-2e53-d56b-02b8-b5c78641a7f0,4,466,35
2016-02-04 20:17:38.727015+00:00,ae884899-37c2-1555-77dd-f4d44c1198a9,4,467,74
2016-02-04 20:21:28.272542+00:00,4643ab89-3e32-94ad-4172-73e3ef8b0f9b,4,468,138
2016-02-04 20:23:07.217253+00:00,64d1b882-ef98-b612-69a6-fb6b670a4777,4,469,94
2016-02-04 20:23:09.657174+00:00,ee5b618a-e6df-48a7-2146-84116e75989b,4,470,0
2016-02-04 20:23:46.194685+00:00,9ee388b8-3ac6-8ab1-0e39-d8a67f3d95d0,4,471,34
2016-02-04 20:24:48.181289+00:00,ee730546-a9ae-7e37-7450-fd19b6bd78d7,4,472,50
2016-02-04 20:27:10.437512+00:00,917f5893-6931-b16c-e158-149f9451e67a,4,473,108
2016-02-04 20:29:56.568283+00:00,cc57d5b9-a3b5-1092-37c6-1fa339627cd0,4,474,158
2016-02-04 20:31:24.447838+00:00,bbf09002-a090-857e-fc50-6f19d828efc0,4,475,82
2016-02-04 20:33:28.538911+00:00,dc841cb5-1071-fe74-125d-97f7db2f3200,4,476,73
2016-02-04 20:35:01.845927+00:00,63c8a8ee-c5b7-2d1b-f9ff-31fa1a3341aa,4,477,84
2016-02-04 20:36:59.661252+00:00,30381900-cb44-f618-863b-130e28f2c93a,4,478,91
2016-02-04 20:37:05.232271+00:00,618abd3e-5f79-500e-5448-fcf60ce3e122,4,479,4
2016-02-04 20:39:36.918615+00:00,1539bedf-03a8-b6b3-73eb-433db21ab5ab,4,480,114
2016-02-04 20:40:41.850752+00:00,a5a2b91d-0607-a254-028e-08112f9dc8e5,3,481,72
2016-02-04 20:45:58.310478+00:00,a2617dee-5cf0-b1c5-5a37-fe8a341d987d,4,482,115
2016-02-04 20:48:20.391134+00:00,7f9f6fc6-4e30-d760-e0c2-da9cd4dd211a,4,483,137
2016-02-04 20:49:39.309228+00:00,124cba2c-0bf0-f458-1118-2b892f9268b6,4,484,74
2016-02-04 20:50:13.808660+00:00,de66b05e-b993-1faf-aa40-b037f078540a,4,485,30
2016-02-04 20:51:46.060175+00:00,e5ef4185-c468-e6b6-1c3c-c94147b2b1da,4,486,87
2016-02-04 20:55:23.113271+00:00,50322f08-7b80-1df0-9f1a-8168367587e0,4,487,63
2016-02-04 20:55:26.620170+00:00,c07b9a6c-175c-5c04-a825-77362b761180,4,488,0
2016-02-04 20:56:30.112727+00:00,63cb726c-cddc-bc02-8d7e-73dd5de3896a,4,489,61
2016-02-04 20:58:14.661203+00:00,04555297-c813-40e2-e427-c49b1b5eac7b,4,490,95
2016-02-04 20:59:05.390597+00:00,5c1ad7f9-fc54-9f82-5b47-ce6420147960,4,491,49
2016-02-04 21:03:03.536386+00:00,4291676c-0ab8-0784-55ab-938b7f4b5cd1,4,492,132
2016-02-04 21:30:50.704211+00:00,b83a1722-6f4b-5a97-5580-d5ec8aedbab0,4,493,189
2016-02-04 21:33:09.655215+00:00,be5235b6-0c90-d4a7-0d36-abb5496829ed,4,494,126
2016-02-04 21:34:34.754747+00:00,723a0e9c-0e75-384b-b634-91d4d3383a2e,4,495,80
2016-02-04 21:36:42.259470+00:00,c9853166-5545-8f3d-51ab-00e2439481d6,4,496,123
2016-02-04 21:37:18.519366+00:00,5240f4d7-1502-d638-61d7-0f51d5b96fb4,4,497,26
2016-02-04 21:39:14.698249+00:00,6f8138c2-8e09-8d7b-93ed-84c2400e7e8a,4,498,104
2016-02-04 21:39:47.156408+00:00,b1ba4424-505d-08b5-51e2-fd8149f4c496,4,499,29
2016-02-04 21:41:39.006938+00:00,1373ff25-c53f-4143-930e-15f869058431,4,500,108
2016-02-04 21:43:28.699138+00:00,00b20f0f-92a3-982e-201b-57786e652576,4,501,105
2016-02-04 21:45:32.325440+00:00,8cc301e5-9520-d445-3cac-544e9e358ff7,4,502,120
2016-02-04 21:46:38.416715+00:00,01e711a7-4048-53cb-94e9-c92b5b7167e6,4,503,61
2016-02-04 21:46:47.440210+00:00,1ce8dbbe-6797-0956-a374-f669c41542d0,4,504,8
2016-02-04 21:47:40.013857+00:00,d9533404-ad82-282b-3436-3e41944b4b5a,4,505,48
2016-02-04 21:47:41.708690+00:00,2578fe4b-d088-1065-e2c5-5328e993a60a,4,506,48
2016-02-04 21:55:49.223136+00:00,89976ed5-0360-d1be-1491-b602c68496ca,4,507,35
2016-02-04 21:59:08.978143+00:00,301730cb-8675-d1b2-eb79-7daed58c2cbb,4,508,0
2016-02-04 21:59:10.414685+00:00,ef475291-6222-8d53-86a9-397f939eb1b5,4,509,0
2016-02-04 21:59:48.802579+00:00,8f0b9e4c-f402-9068-bfd1-b9881d353dd1,4,510,35
2016-02-04 22:03:06.332833+00:00,51d03d08-7ff2-36c6-d047-f793cc7662d0,4,511,64
2016-02-04 22:04:39.981979+00:00,2a9956b4-8510-a4ba-c887-4153fad5177e,4,512,86
2016-02-04 22:05:47.546226+00:00,841e1e5a-cb05-a27f-c46c-1b1c8412b331,4,513,63
2016-02-04 22:06:52.985815+00:00,9794d718-2603-6277-e397-2ff8ab2de888,4,514,56
2016-02-04 22:08:07.552745+00:00,935a05d3-5b34-69f2-cb13-914f41d04f5a,4,515,70
2016-02-04 22:09:57.135074+00:00,fc59cbcc-9f14-0aa9-f662-ad0a5a145c33,4,516,80
2016-02-04 22:09:57.595704+00:00,a8b241d9-cfa7-f5df-d8f2-a7a0026f93d0,4,517,80
2016-02-04 22:11:58.327702+00:00,3dcee39c-8608-060e-92e4-77a2dc05090f,4,518,73
2016-02-04 22:12:34.274913+00:00,ae07d99f-2c32-e55b-7b42-4175402f8034,4,519,31
2016-02-04 22:12:44.715405+00:00,5cfc04fe-b2b9-62dd-1a21-5b61d0de8c87,4,520,0
2016-02-04 22:15:09.526975+00:00,b655c2f0-9549-50ff-b0a4-d4c01b186ed8,4,521,142
2016-02-04 22:16:07.058259+00:00,c41527b5-c3b8-73fc-f420-c5a82159e09f,4,522,56
2016-02-04 22:18:08.517180+00:00,de43fda1-3e53-bf71-39b3-f1959be5dcdc,4,523,116
2016-02-04 22:19:50.749004+00:00,3cfc3fc1-3bb5-3750-b4cd-cd4d76d3f925,4,524,57
2016-02-04 22:21:44.721010+00:00,d68f61a6-945b-bbf7-76f2-7bb2f33520cd,4,525,98
2016-02-04 22:23:17.202657+00:00,a26e0117-ee92-6f08-2712-d448f1afed98,4,526,75
2016-02-04 22:24:22.991799+00:00,d5444dbd-4fe2-347f-5e8c-f699e5c07c57,4,527,62
2016-02-04 22:25:28.726189+00:00,90da07c6-a2ee-1867-d315-77bc14dab29d,4,528,61
2016-02-04 22:26:41.183640+00:00,86a68383-7955-84b4-5eb9-6e005e0fa2b5,4,529,68
2016-02-04 22:28:16.654916+00:00,7638432e-924a-2a47-bcc1-ec8ff35fcde6,4,530,90
2016-02-04 22:29:23.112533+00:00,351e0ca1-81cb-4ab3-2e9f-96dfdaa53a67,4,531,59
2016-02-04 22:30:52.817607+00:00,6016573f-d181-636e-06e7-3c9dfb5c3a34,4,532,83
2016-02-04 22:37:16.484437+00:00,a82ac3e4-b23b-ed3e-15ac-992d254cf8cc,4,533,50
2016-02-05 18:17:45.733960+00:00,48614f01-babc-1a84-ace0-fb906d065e92,1,534,3
2016-02-05 18:18:08.408439+00:00,95b0941c-9536-2125-cdc0-9da3836e956b,1,535,8
2016-02-05 18:19:38.891104+00:00,935cafc0-8773-de92-30c8-432b464f599f,1,536,46
2016-02-05 19:13:16.847951+00:00,47ee829f-a54e-add8-0d13-ee620f5092be,1,537,5
2016-02-05 19:13:50.590455+00:00,6518effd-16ea-24f6-a0d4-77ac8027ca13,1,538,30
2016-02-05 19:13:51.487993+00:00,8f0224d8-4c28-3353-2302-e4fab5123583,1,539,30
2016-02-05 19:13:52.156404+00:00,73b673ba-b02a-c84c-5d1a-eb790bff198c,1,540,30
2016-02-05 19:13:52.896406+00:00,88acc8ef-4d7e-4299-090f-33fb7d8ffbbf,1,541,30
2016-02-05 19:13:54.048103+00:00,4e33485e-7c51-731b-d9cd-6c8e6c228610,1,542,30
2016-02-05 19:13:55.957116+00:00,189f64cf-d4ef-8ba0-d61d-cf498d7369a3,1,543,30
2016-02-05 19:13:56.548230+00:00,cb583017-5701-55a8-a224-e3d65f5d236d,1,544,30
2016-02-05 19:13:57.489205+00:00,72aebbb5-a552-f1ae-4e3a-3b69bb71f281,1,545,30
2016-02-05 19:14:01.016925+00:00,b45d61f3-56d2-5ac5-9688-31d2433c0581,1,546,30
2016-02-05 19:14:02.896619+00:00,d056df4a-e3e6-a23d-c87f-8d3409e5053f,1,547,30
2016-02-05 19:14:03.801170+00:00,95cda2c8-258f-b308-aafc-bfedddae865a,1,548,30
2016-02-05 19:14:04.080466+00:00,793f60d6-efb4-f792-6eae-f20eba0d222d,1,549,30
2016-02-05 19:14:05.319843+00:00,7953d77a-b3cc-adbd-cf7b-4ca1ac4288a8,1,550,30
2016-02-05 19:14:05.374671+00:00,51edd2a1-69bc-d988-6e54-5bf0f9e38e0c,1,551,30
2016-02-05 19:14:05.954781+00:00,69e24c99-6e7b-de51-6b33-ca41429e6851,1,552,30
2016-02-05 19:14:06.931760+00:00,ee5879ba-16ac-f5c9-a49f-9f87ba7e2207,1,553,30
2016-02-05 19:14:08.413396+00:00,7dcb70ab-2e15-f2d3-ec89-1bac0f5b82b6,1,554,30
2016-02-05 19:14:09.576193+00:00,9a244f38-1613-fe5e-1b49-e9541c03fddb,1,555,30
2016-02-05 19:14:09.859172+00:00,300dc927-c931-75fc-7ccf-3b673b66d15e,1,556,30
2016-02-05 19:14:11.487893+00:00,ddce7f8d-4d97-2990-886a-d9cd7b398132,1,557,30
2016-02-05 19:14:11.965931+00:00,6bcbd12e-4507-3af3-3099-5cc8441c9ff7,1,558,30
2016-02-05 19:14:13.874188+00:00,b0f151c4-8ae5-8ee9-4d22-0651153d132a,1,559,30
2016-02-05 19:14:13.875311+00:00,f38354d8-67ce-cea9-a7fa-02476f8124e0,1,560,30
2016-02-05 19:14:14.049717+00:00,dde34c6f-f78b-5d8f-fcb9-5340ed67fa5b,1,561,30
2016-02-05 19:14:15.554299+00:00,7c006ce0-f32b-33a0-6e6f-a4b32fb547de,1,562,30
2016-02-05 19:14:16.886838+00:00,b171b461-86e3-41f7-a1a7-838380c3b85d,1,563,30
2016-02-05 19:14:16.923846+00:00,a4e36928-e088-875e-e757-05045c26af50,1,564,30
2016-02-05 19:14:18.115385+00:00,062b9b32-a933-ff01-baf5-f96d171354c4,1,565,30
2016-02-05 19:14:18.940705+00:00,c4fa9f8b-eeb8-e090-b388-cf00b4ff2152,1,566,30
2016-02-05 19:14:22.454362+00:00,5756d055-7a8d-23e2-7e6a-2e9d583d4dd6,1,567,30
2016-02-05 19:14:22.491671+00:00,549090f1-7f3b-bad1-d465-abfd8657984a,1,568,30
2016-02-05 19:14:23.426563+00:00,cd8ab731-accc-6872-0553-3b9dfe88a20d,1,569,30
2016-02-05 19:14:24.328545+00:00,9b33e5b1-02c0-e4e3-4f82-74d432936d4e,1,570,30
2016-02-05 19:14:24.911097+00:00,223b4fd5-3828-758b-732d-b143f3aca0a7,1,571,30
2016-02-05 19:14:24.987194+00:00,40a3ea02-0ddb-f344-14a3-afc052fbffca,1,572,30
2016-02-05 19:14:26.103795+00:00,2bfe9b52-5556-e813-dc0d-e1050ab0c983,1,573,30
2016-02-05 19:14:26.160340+00:00,3ed744bc-9c7b-08f5-f0b7-7582f74376b4,1,574,30
2016-02-05 19:14:26.967711+00:00,0e7151fe-7654-c6a6-7a4b-f8dc0691a25b,1,575,30
2016-02-05 19:14:27.699509+00:00,248860b6-2ddc-48be-f714-a8368f2d0a6b,1,576,30
2016-02-05 19:14:29.139211+00:00,c027bd9f-892f-dd26-15a8-896b918ff40e,1,577,30
2016-02-05 19:14:31.334041+00:00,37387c3c-dc30-6464-6ebe-4ad91db587f9,1,578,30
2016-02-05 19:14:31.669742+00:00,8b2a64a6-9b38-60f7-3071-4ba40902abb0,1,579,30
2016-02-05 19:14:33.051682+00:00,39b6fc38-d4c3-658d-2251-2655fff65f12,1,580,30
2016-02-05 19:14:34.217921+00:00,77546444-96da-a074-f021-378494c8d603,1,581,30
2016-02-05 19:14:34.945987+00:00,a87470f8-3ce3-ba9e-dd72-fa4ef5a2e20f,1,582,30
2016-02-05 19:14:34.934956+00:00,aaa1dadc-0a47-ed81-30ab-17fe255af813,1,583,30
2016-02-05 19:14:36.146719+00:00,e075514f-2a12-561a-e128-86e0462df73a,1,584,30
2016-02-05 19:14:38.903377+00:00,0a3a61b9-5f1c-2f4f-3681-15a45376f2ac,1,585,30
2016-02-05 19:14:39.861883+00:00,f4c91a42-947d-2bbd-c7a6-e561e9647cdc,1,586,30
2016-02-05 19:14:40.907377+00:00,b9eb95b8-ddcc-f941-05c1-45e005757b1b,1,587,30
2016-02-05 19:14:41.488181+00:00,291a270a-d668-5ea4-4bd9-7e798ee0d8a7,1,588,30
2016-02-05 19:14:41.947373+00:00,6ea71fc1-a091-1041-054d-598e2e190efd,1,589,30
2016-02-05 19:14:43.330781+00:00,a2976b01-2d29-e972-7c3b-6ec12d80d10f,1,590,30
2016-02-05 19:14:43.372023+00:00,70e378ad-1e96-8410-41b3-da0de00dcf93,1,591,30
2016-02-05 19:14:44.712437+00:00,9af6219c-7adc-e494-b49c-a44a457c5611,1,592,30
2016-02-05 19:14:45.152721+00:00,77a2ce80-7653-7675-d338-b83d698446fe,1,593,30
2016-02-05 19:14:46.246230+00:00,ac941657-8fa5-11dd-7ce4-f87d107bef32,1,594,30
2016-02-05 19:14:46.819802+00:00,526e2372-bda9-38c7-63af-aad51b5c1550,1,595,30
2016-02-05 19:14:48.630418+00:00,64b9bdc4-a6bb-3a8f-b6e7-5495cdee41f2,1,596,30
2016-02-05 19:14:48.803659+00:00,203a18ac-cac5-ba42-8020-ef6294292fde,1,597,30
2016-02-05 19:14:50.205486+00:00,9c8b8d4e-3695-b018-baef-45f2c16541d6,1,598,30
2016-02-05 19:16:16.764242+00:00,fddeb533-6226-67c4-23a1-d4f120f7f9e5,1,599,33
2016-02-05 19:16:19.286454+00:00,2a68f95b-1ec9-71c1-9834-c33a5ffd4b39,1,600,33
2016-02-05 19:16:19.971726+00:00,948287c0-ebbf-85d4-8521-4d641a6110f8,1,601,33
2016-02-05 19:16:21.308111+00:00,65089bbb-50f3-0542-5bd3-f421d3d51de2,1,602,33
2016-02-05 19:16:21.704654+00:00,d15e7ea1-6e5e-0c08-70ff-4e18bd66c41d,1,603,33
2016-02-05 19:16:22.741641+00:00,f82cc9aa-b280-3011-f005-762d0b59712a,1,604,33
2016-02-05 19:16:22.744681+00:00,dea9c75d-de05-a3cd-b858-ca1272739c98,1,605,33
2016-02-05 19:16:24.640080+00:00,1994c655-2994-b1bf-171d-3ef84db9b8d5,1,606,33
2016-02-05 19:16:25.194221+00:00,3951480c-d5ba-8027-e3f3-3ede21473ca0,1,607,33
2016-02-05 19:16:27.508978+00:00,c63ac0d2-d98e-00d9-cbe1-bb5392ee89cd,1,608,33
2016-02-05 19:16:28.536011+00:00,5219c83e-839e-f02d-73f0-6ffceefb27db,1,609,33
2016-02-05 19:16:29.060713+00:00,3eb503aa-4c51-8c39-fd18-56e34d2b8b2f,1,610,33
2016-02-05 19:16:30.731112+00:00,60a2ae2e-d7f5-8796-4d0b-b939b34b1f2f,1,611,33
2016-02-05 19:16:30.760126+00:00,771cd905-67b8-d3f7-4041-1c3e62ba4483,1,612,33
2016-02-05 19:16:32.270819+00:00,f7dcbe98-f649-e69b-5057-02cec1d522b5,1,613,33
2016-02-05 19:16:33.025549+00:00,9e465806-1ee8-e719-1743-95f593acbc5b,1,614,33
2016-02-05 19:16:34.486509+00:00,62885fd8-1454-11ad-2657-910cf1b9582e,1,615,33
2016-02-05 19:16:35.209031+00:00,5176175f-6740-acbc-e2c6-8499fc861873,1,616,33
2016-02-05 19:16:37.773224+00:00,3d0eb429-1938-4b9b-a32a-f5a60fd38d6c,1,617,33
2016-02-05 19:16:37.901278+00:00,35ac876f-c67a-6418-5418-6dd971fcd7b2,1,618,33
2016-02-05 19:16:38.019583+00:00,a847020e-d2b4-7384-b178-abc1d7bce13a,1,619,33
2016-02-05 19:16:38.089216+00:00,7cc7fcce-1a0f-745e-d92f-f5032c3cd2c7,1,620,33
2016-02-05 19:16:39.203974+00:00,9edf97ce-f4a2-7c2d-b23a-ea481ff38410,1,621,33
2016-02-05 19:16:41.175973+00:00,fbbe3d65-6fd5-486e-ec71-75b23c51a2ca,1,622,33
2016-02-05 19:16:41.995547+00:00,ab699de2-f244-ab0c-1dca-2bd6a2265395,1,623,33
2016-02-05 19:16:42.983965+00:00,74a24eff-42da-05d1-a697-207b04aed486,1,624,33
2016-02-05 19:16:46.153059+00:00,4ae14e35-befb-275e-efb7-017b6396a077,1,625,33
2016-02-05 19:16:46.263122+00:00,e9b46ce2-83cc-7601-ed14-5a4691ad1f2b,1,626,33
2016-02-05 19:16:47.523155+00:00,18baa82b-801a-296b-7138-e175abd016fd,1,627,33
2016-02-05 19:16:47.999348+00:00,5dfa9891-8892-aa4c-3fd1-0f0ce252782d,1,628,33
2016-02-05 19:16:49.634613+00:00,a879d13f-c566-6f65-45b0-9eaaca9c62ae,1,629,33
2016-02-05 19:16:50.343025+00:00,fdfe8698-90c7-dbbb-65ca-c93b1af1d0ea,1,630,33
2016-02-05 19:16:52.500067+00:00,88f77583-3b8f-202a-ca73-12ac659aac86,1,631,33
2016-02-05 19:16:53.088832+00:00,734b3229-4c24-1477-8146-ea87adfcf5fb,1,632,33
2016-02-05 19:16:56.000083+00:00,8c6d27e8-fc52-c236-eb03-a84f37c7de34,1,633,33
2016-02-05 19:16:57.313566+00:00,8b2c0594-e978-17eb-c5fe-1f54988beb2a,1,634,33
2016-02-05 19:16:57.357766+00:00,80ed6734-5967-3f0b-7fb7-d32c7f3d484a,1,635,33
2016-02-05 19:16:57.410220+00:00,5c1a81ac-0543-c144-597d-53aa4ae1641b,1,636,33
2016-02-05 19:16:57.868824+00:00,d464460d-5069-ed96-def7-30b1cc2ef792,1,637,33
2016-02-05 19:16:58.000514+00:00,bccb242f-e2f0-077d-a425-f991cc3fb01f,1,638,33
2016-02-05 19:17:00.992210+00:00,521c9ee1-2d49-dfe1-9128-8990be389ab6,1,639,33
2016-02-05 19:17:01.410262+00:00,ccec1f8c-1ced-6483-07df-80478aacc132,1,640,33
2016-02-05 19:17:01.734052+00:00,a51948cd-0c4f-1b30-153a-22662f4b267e,1,641,33
2016-02-05 19:17:02.798848+00:00,55a2ecc2-c222-4bba-f81d-a282c0e7c2c5,1,642,33
2016-02-05 19:17:03.434454+00:00,66382936-c3b7-e2cb-b63f-2776bc73df13,1,643,33
2016-02-05 19:17:04.614216+00:00,20818fcc-bdd0-e554-5319-4f6c3f44577a,1,644,33
2016-02-05 19:17:05.476168+00:00,84ff1c34-b558-752e-d3a3-397936329150,1,645,33
2016-02-05 19:17:05.499474+00:00,6e5dd95f-30ca-bcfe-0dc2-208cc59124de,1,646,33
2016-02-05 19:17:06.268240+00:00,99b2f5a8-9146-d940-98a9-3330b16da4f0,1,647,33
2016-02-05 19:17:07.211786+00:00,c3eb158c-e00e-0328-8006-caa9edd6adb5,1,648,33
2016-02-05 19:17:08.441397+00:00,7ffd4e1b-a66b-457b-3c3e-5b5d6088af97,1,649,33
2016-02-05 19:17:09.575380+00:00,203e3ef2-d5ad-e142-d9f3-b8c20b52500b,1,650,33
2016-02-05 19:17:10.181884+00:00,d8a63c32-2de4-6955-678f-766c7881fc67,1,651,33
2016-02-05 19:17:10.415391+00:00,4777e6c3-44a5-4ac7-0cc9-88f09ddbfbc6,1,652,33
2016-02-05 19:17:12.065916+00:00,96313fc9-cd46-15a5-975a-ff721309cc84,1,653,33
2016-02-05 19:17:12.112692+00:00,5e81bde4-8461-8182-70b0-a0dcc8bf3121,1,654,33
2016-02-05 19:17:12.875949+00:00,bb94b2a9-9fd4-ff0c-058a-25d6451a6930,1,655,33
2016-02-05 19:17:14.554789+00:00,373e2d94-6e66-292b-f410-3bcfbb44abb1,1,656,33
2016-02-05 19:17:15.619986+00:00,738e8172-eac6-f17e-471f-ba26ffe9d0f0,1,657,33
2016-02-05 19:17:17.256171+00:00,dd4f87cf-0e9d-753c-bd68-76278bab0064,1,658,33
2016-02-05 19:17:17.274682+00:00,0fe72fef-6316-9976-8192-b158e1dec3ca,1,659,33
2016-02-05 19:17:18.617249+00:00,c3ce083b-be01-6fe8-79f6-9014a2253a57,1,660,33
2016-02-05 19:17:18.886118+00:00,4d9480db-8176-19c3-8431-3a244f08c70a,1,661,33
2016-02-05 19:17:21.267313+00:00,e0d86ebf-cded-f9e9-1f29-fe5f38325d0e,1,662,33
2016-02-05 19:17:21.345600+00:00,76acf6b4-1f94-64a9-59b7-5b21e6dc4e03,1,663,33
2016-02-05 19:17:31.433861+00:00,3d31559c-2aab-8970-e5e2-55b4ea96b9a3,1,664,4
2016-02-05 19:17:41.206703+00:00,56b2c49f-b163-b49d-08a7-9c40e04a9864,1,665,3
2016-02-05 19:18:31.124761+00:00,be1d20c2-9c77-088e-ac0f-886c6759b561,1,666,2
2016-02-05 19:18:42.164302+00:00,46b98fbd-9f14-0888-e2fc-7041eb8ed84a,1,667,6
2016-02-05 19:18:53.243185+00:00,458cc84a-f089-e7f8-5b86-99c529d32f61,1,668,7
2016-02-05 19:20:30.234600+00:00,74a82536-4483-d554-7828-88a92a155308,1,669,41
2016-02-05 19:20:30.990724+00:00,9a9f32c5-3062-0ce1-3666-e4ff00252f46,1,670,41
2016-02-05 19:20:32.350049+00:00,b41e05e5-4658-d43d-81f4-c93b57845542,1,671,41
2016-02-05 19:20:37.732207+00:00,666f4f90-11a5-e8c9-e46f-78ef4c53308a,1,672,41
2016-02-05 19:20:47.453142+00:00,df8540e1-00f5-9388-e986-c0f311dbbff8,1,673,8
2016-02-05 19:21:26.409049+00:00,d169962e-7e2e-dde3-11d7-c89f5f3fe3da,1,674,6
2016-02-05 19:22:44.374436+00:00,ac58a0a8-7068-a5ac-8539-e7a9820daf51,1,675,39
2016-02-05 20:11:32.048896+00:00,457b30aa-042e-7ec3-b3be-a0e8eaba782b,9,676,59
2016-02-05 20:12:09.144903+00:00,fb4e533f-e435-6c7b-0002-aab4e2f40897,9,677,24
2016-02-05 20:12:44.494861+00:00,5d6b2ad7-8c15-1538-b49a-1c02ddbdda8a,9,678,33
2016-02-05 20:12:46.282058+00:00,891a4a19-5b44-71ff-aead-d61c4c111035,9,679,33
2016-02-05 20:12:48.884150+00:00,374bd6cf-c22d-4c6a-6c8e-5fa5f4c389b5,9,680,33
2016-02-05 20:12:49.977299+00:00,e44e6dd0-d95d-8090-c811-37df5e0ad3aa,9,681,33
2016-02-05 20:12:50.779983+00:00,c41ca550-324f-b3d1-e940-b3c6d73b4b98,9,682,33
2016-02-05 20:12:51.308873+00:00,54efbbbb-4c85-fb99-0134-eff4bf311d76,9,683,33
2016-02-05 20:12:52.651337+00:00,ac1d400f-6167-e77d-8082-ceb9fb3d97de,9,684,33
2016-02-05 20:12:54.467835+00:00,ccd49ab2-85a3-3a34-d985-96c4c4ddb73e,9,685,33
2016-02-05 20:12:57.009887+00:00,2fb27b64-761b-46c3-6316-621e268bdb1c,9,686,33
2016-02-05 20:12:57.785203+00:00,ad75cdbb-2f44-5fd1-2206-8b551d143ced,9,687,33
2016-02-05 20:13:04.056917+00:00,63d631e9-9ac7-3c74-2203-ebf0e4e4b2e1,9,688,33
2016-02-05 20:14:39.751934+00:00,752f2aa6-31fa-5b91-ac0d-00cb115d2765,9,689,101
2016-02-05 20:14:40.573586+00:00,d02d635e-5fa9-265d-677e-d11bf813aede,9,690,101
2016-02-05 20:14:42.264452+00:00,52d6c00b-1d84-ef88-1961-a38fcba4fca9,9,691,101
2016-02-05 20:14:42.573197+00:00,dea444c3-a3d8-d288-851f-b26b67cb1deb,9,692,101
2016-02-05 20:14:43.535620+00:00,62568d2f-9672-f49c-cc6b-d278ebc8e83b,9,693,101
2016-02-05 20:14:45.073117+00:00,e36a9039-b83c-07da-0256-c4bdc976679d,9,694,101
2016-02-05 20:14:45.538397+00:00,47ab4d32-7ccf-302e-ed51-f4dd9a3ba780,9,695,101
2016-02-05 20:14:46.557177+00:00,6c3cbd73-7a67-e7fc-80c2-966143e3e6e9,9,696,101
2016-02-05 20:14:48.663762+00:00,b7fdcaa1-b830-e52c-8530-5c0c99cc16fa,9,697,101
2016-02-05 20:14:50.003096+00:00,a0253d06-4e39-e67e-7fae-5b5bd49e750a,9,698,101
2016-02-05 20:14:50.153872+00:00,2998d851-bb71-0c11-dcda-629e5bd41f6b,9,699,101
2016-02-05 20:14:50.551597+00:00,1e7410e6-5802-2d86-b7cf-0a469d6e081c,9,700,101
2016-02-05 20:15:42.380476+00:00,a73186b1-6271-2937-3dee-2d3693d9127c,9,701,39
2016-02-05 20:15:44.390026+00:00,febd45ec-1bdd-9164-2d74-c241d33d2470,9,702,39
2016-02-05 20:15:44.418144+00:00,9f063d03-950a-ee47-acb5-f7b3706d2f60,9,703,39
2016-02-05 20:15:45.396244+00:00,dfc5a8e0-4dd0-d1d1-0336-3bb6e77f149b,9,704,39
2016-02-05 20:15:46.384709+00:00,5eaaceb7-6ddf-0e47-bc57-50226b3590d6,9,705,39
2016-02-05 20:18:13.105212+00:00,51669aac-c5e8-1b6f-82f2-8923bd791754,9,706,34
2016-02-05 20:18:15.973216+00:00,2f01eadd-51e9-a584-9edc-af430c7ef98e,9,707,34
2016-02-05 20:18:16.873013+00:00,f273c412-b0cf-2015-e60f-c613ea3e5c4f,9,708,34
2016-02-05 20:18:17.504736+00:00,de8b6b6f-781e-b409-52e9-3073d4a282f5,9,709,34
2016-02-05 20:18:18.541638+00:00,51c1908c-890a-bd42-ecdd-176cbbf2546d,9,710,34
2016-02-05 20:18:18.853393+00:00,da8e9fe9-d10c-eff4-b1f2-065fe7c6a8d9,9,711,34
2016-02-05 20:18:19.293649+00:00,dfbd7fa2-26c0-926b-4dd5-57cebb208e4c,9,712,34
2016-02-05 20:18:20.464152+00:00,175582de-076a-69f6-9f59-2e9be60c0863,9,713,34
2016-02-05 20:18:21.498358+00:00,ebd42102-1886-6844-3d92-f7d4893f5cd7,9,714,34
2016-02-05 20:18:22.749657+00:00,6b568e1a-3fe6-bcb5-055a-022d59385844,9,715,34
2016-02-05 20:18:25.810663+00:00,24631f8b-b0ef-c95f-28b1-50a6eb58179b,9,716,34
2016-02-05 20:19:01.171569+00:00,5af5e681-5679-dfc8-8fba-af7882b1acb8,9,717,14
2016-02-05 20:27:05.446099+00:00,35665f47-0065-dace-24a4-010f8fb957c8,1,718,2
2016-02-05 20:28:09.918977+00:00,5da4df91-6743-93e2-9c52-dfeb3b2d61be,1,719,54
2016-02-05 20:28:10.048156+00:00,ccb942cb-ca55-e41d-c6e9-c9a95e848c32,1,720,54
2016-02-05 20:28:11.660098+00:00,26b313e5-66a7-9cd6-3e9b-b089b9491b21,1,721,54
2016-02-05 20:28:12.004492+00:00,f8593155-d739-b542-80c4-03acd9be3642,1,722,54
2016-02-05 20:28:13.277762+00:00,d50c9c7e-03f3-350e-2d1e-1a4f1d290811,1,723,54
2016-02-05 20:28:15.020105+00:00,62f407de-1f01-ef6a-c74a-96dc2e253830,1,724,54
2016-02-05 20:28:15.543997+00:00,a884d02d-7549-516c-5f15-69d5bdb3fad5,1,725,54
2016-02-05 20:28:16.390530+00:00,19b61acc-b05b-1947-7c9d-7ad383c0357c,1,726,54
2016-02-05 20:28:17.157497+00:00,81f09572-af89-3a60-b986-cba3aaab637b,1,727,54
2016-02-05 20:28:19.217906+00:00,f1ca4696-dd59-1cdb-9363-cc1a8086fb51,1,728,54
2016-02-05 20:28:20.485108+00:00,37c55693-1d4f-842c-06fd-38a9255ca855,1,729,54
2016-02-05 20:28:21.530414+00:00,08d24154-c157-9292-18b6-874f025ee66b,1,730,54
2016-02-05 20:28:22.947688+00:00,6b7918c5-e36e-a5b0-a42d-23b4eae7f4b0,1,731,54
2016-02-05 20:28:25.054526+00:00,2f6da08b-76cb-762e-4ad7-787c99119ad8,1,732,54
2016-02-05 20:28:25.216968+00:00,c8838a7a-f92c-309c-0c5e-1a914e1e5dce,1,733,54
2016-02-05 20:28:27.566564+00:00,7eb8d0fc-6589-f5f3-2526-ddfe8a2af3e7,1,734,54
2016-02-05 20:28:27.649882+00:00,726b542d-3002-be6d-3a10-bb3f163d86eb,1,735,54
2016-02-05 20:28:27.866379+00:00,39739d97-424b-b262-105d-d8a5e2344b89,1,736,54
2016-02-05 20:28:27.907670+00:00,17aeef0b-ab42-09b6-1f51-f24cf07c5723,1,737,54
2016-02-05 20:29:15.113263+00:00,c122ffb5-4fb1-4730-555a-0ddd7a7180c7,1,738,2
2016-02-05 20:29:32.640148+00:00,0a413a92-ae60-a094-cd28-a0269b292dad,1,739,3
2016-02-05 20:29:42.293665+00:00,36bdc172-0edd-0efc-6dfa-84c2359d8d97,1,740,6
2016-02-05 20:30:15.604183+00:00,db4fb6f6-4937-292a-7762-38418461a32c,1,741,31
2016-02-05 20:30:16.502038+00:00,a3bc4147-3529-912f-6ad2-1fc461323839,1,742,31
2016-02-05 20:30:18.460679+00:00,619c8b4f-7663-f6dd-8188-deba4ac16d62,1,743,31
2016-02-05 20:30:22.321492+00:00,97df684e-fdb0-38bb-04ee-4aad001a4d53,1,744,31
2016-02-05 20:30:21.852090+00:00,6bb18153-8481-6a9e-c521-57830db3ecfd,1,745,31
2016-02-05 20:30:23.093386+00:00,306d2f84-fc0f-6fed-eb2e-895c6e3b76bf,1,746,31
2016-02-05 20:30:24.557819+00:00,96c617a6-c533-4ed4-9626-2f9f59a12d7a,1,747,31
2016-02-05 20:30:25.448217+00:00,3f141984-4012-26c5-044b-7680ddc9262e,1,748,31
2016-02-05 20:30:26.092284+00:00,8196c5c3-cc39-0ce6-83cc-906b943c6183,1,749,31
2016-02-05 20:30:27.058858+00:00,e0e4c658-f613-f31f-1505-8b689a181578,1,750,31
2016-02-05 20:30:28.892174+00:00,4259788f-e280-45c6-c2fb-fd0cf595466d,1,751,31
2016-02-05 20:30:28.893708+00:00,d4e483a6-0cae-4565-047e-9872f16f21a2,1,752,31
2016-02-05 20:30:30.271368+00:00,9932a96b-6684-e74f-da26-cb24cbe08955,1,753,31
2016-02-05 20:30:32.100481+00:00,4c35ebb5-8921-3306-27e9-4d5ea963530a,1,754,31
2016-02-05 20:30:32.101257+00:00,984448d9-4d22-fbd9-70da-3ef593202044,1,755,31
2016-02-05 20:30:32.801555+00:00,15af506e-86db-f308-ab57-daa338c47527,1,756,31
2016-02-05 20:30:33.985402+00:00,393af696-e832-5ae9-9d31-4d47642a641c,1,757,31
2016-02-05 20:30:33.989316+00:00,0ac9afcb-689a-1024-15da-58ef511ed029,1,758,31
2016-02-05 20:30:37.591967+00:00,67016e36-fb8a-e139-5016-3101ca76ea98,1,759,31
2016-02-05 20:30:38.502728+00:00,66bc8eda-22bd-0283-efd8-1453ac6fc8e5,1,760,31
2016-02-05 20:31:18.040010+00:00,de65e565-0090-c293-4d51-14555302ffab,1,761,34
2016-02-05 20:31:19.798093+00:00,8b82a9c9-47f1-8fdf-f138-fda4f6d535ad,1,762,34
2016-02-05 20:31:20.538498+00:00,f970d74d-6ce8-0ae7-dccf-1df1204d51bc,1,763,34
2016-02-05 20:31:21.029313+00:00,3878ad43-2ebc-e3a5-bbc1-fff36e76837e,1,764,34
2016-02-05 20:31:22.268123+00:00,09ba0ae2-7bc9-095c-4f96-c1d50bcfe245,1,765,34
2016-02-05 20:31:23.316237+00:00,fe1cf648-7406-87ec-0685-6af4803e4f47,1,766,34
2016-02-05 20:31:24.464537+00:00,2f65746c-9ea9-910a-3f89-305b4699d375,1,767,34
2016-02-05 20:31:25.741890+00:00,84e49a89-189f-6a71-83bd-6f4c7ee66972,1,768,34
2016-02-05 20:31:26.006377+00:00,6f81f207-e7af-34f5-449a-24bdf61ad6e3,1,769,34
2016-02-05 20:31:27.848394+00:00,166c6b1d-c36f-d6c0-9c44-f515326ddea3,1,770,34
2016-02-05 20:31:28.029900+00:00,e11b100c-70ad-9cc0-10b1-f7979a47fe36,1,771,34
2016-02-05 20:31:29.221347+00:00,00d8751f-eb2d-4d2a-4a56-0a2e2b6e2348,1,772,34
2016-02-05 20:31:30.066223+00:00,24e223a3-3dcb-8aa3-46a5-27d870a4296e,1,773,34
2016-02-05 20:36:53.494447+00:00,9c018895-b35a-3b0d-6d52-3e480b6ca4c1,1,774,33
2016-02-05 21:12:36.276862+00:00,64619339-0b4e-34cd-5ed2-ea5e4b488bca,1,775,42
2016-02-05 21:12:53.369842+00:00,dac6f5c3-ed91-804a-945a-7ac047501d57,1,776,4
2016-02-05 21:13:52.283851+00:00,92d02b89-adab-b642-c8ec-7df0dd341899,1,777,49
2016-02-05 21:14:59.470140+00:00,361992b9-e1fb-ad05-19e8-e149bf51ccc4,1,778,31
2016-02-05 21:14:59.741644+00:00,25a31bf6-83aa-2858-e472-31b12a140f16,1,779,31
2016-02-05 21:15:10.558741+00:00,e81f200d-caa4-9680-f124-7edf975b486a,1,780,31
2016-02-05 21:15:21.663140+00:00,138909e1-f612-b678-c9a7-e78c919dcd8e,1,781,31
2016-02-05 21:41:55.822019+00:00,1ee5251c-eb55-52c0-cc07-3d617501b223,1,782,27
2016-02-05 21:42:51.884448+00:00,f2294a54-aab7-c1e2-dbaf-dfb6c0a42fff,1,783,19
2016-02-05 21:43:25.832718+00:00,f2176938-5ca5-c441-d6a2-2f9599779f6b,1,784,11
2016-02-05 21:43:58.385956+00:00,22804a93-e9df-3aba-b843-008d06157596,1,785,1
2016-02-05 21:48:18.128539+00:00,1968bc17-947b-9694-6ba3-c445b6d97d3d,1,786,56
2016-02-05 21:49:51.846615+00:00,22846caf-684c-882a-0922-4c76c46e104d,9,787,1
2016-02-05 21:50:02.816677+00:00,2b710b5a-a309-c6fd-5b90-7d03827aa939,9,788,6
2016-02-05 21:50:29.264171+00:00,c39c4e77-caee-ca3e-9278-f3fde9caab1e,9,789,2
2016-02-05 21:50:38.873156+00:00,66be07ea-6d34-1b57-eaa4-839976471d7f,9,790,1
2016-02-05 21:50:56.387128+00:00,ed74a7af-5fb8-1bfb-d093-b67cf3774224,9,791,16
2016-02-05 21:51:17.614556+00:00,3c926e09-a023-c81d-9684-0a2a03747444,9,792,14
2016-02-05 21:51:21.425736+00:00,57bba05b-186f-0b66-f3c3-308dd8d3b60a,9,793,3
2016-02-05 21:51:34.153445+00:00,bc2445ff-5e1d-3dbc-7a48-231ea3ba99fe,9,794,8
